1,1,tensor(46.5291)
1,2,tensor(46.6743)
2,3,tensor(45.8603)
2,4,tensor(44.9671)
3,5,tensor(42.1823)
3,6,tensor(39.0383)
1,1,tensor(45.9104)
1,2,tensor(45.8879)
4,7,tensor(37.1474)
4,8,tensor(33.7997)
2,3,tensor(44.1814)
2,4,tensor(42.1337)
5,9,tensor(31.9807)
5,10,tensor(30.1908)
3,5,tensor(39.1116)
3,6,tensor(39.3319)
6,11,tensor(29.0847)
6,12,tensor(28.0499)
4,7,tensor(36.1585)
4,8,tensor(34.5797)
7,13,tensor(28.0606)
7,14,tensor(27.5548)
8,15,tensor(27.5646)
8,16,tensor(27.0195)
5,9,tensor(33.4684)
5,10,tensor(32.1050)
9,17,tensor(27.1596)
9,18,tensor(26.6720)
6,11,tensor(30.8186)
6,12,tensor(29.9419)
10,19,tensor(26.8548)
10,20,tensor(26.3864)
7,13,tensor(29.3376)
7,14,tensor(28.3382)
11,21,tensor(26.6250)
11,22,tensor(26.1606)
8,15,tensor(27.7620)
8,16,tensor(27.2080)
12,23,tensor(26.3440)
12,24,tensor(25.8235)
13,25,tensor(26.1306)
13,26,tensor(25.6215)
9,17,tensor(26.9638)
9,18,tensor(26.7320)
14,27,tensor(25.8592)
14,28,tensor(25.3370)
1,1,tensor(46.7000)
1,2,tensor(46.8575)
10,19,tensor(26.7042)
10,20,tensor(26.4815)
15,29,tensor(25.5361)
15,30,tensor(25.0158)
2,3,tensor(46.0163)
2,4,tensor(45.1017)
11,21,tensor(26.5100)
11,22,tensor(26.2772)
16,31,tensor(25.2767)
16,32,tensor(24.7316)
3,5,tensor(42.2407)
3,6,tensor(38.9677)
12,23,tensor(26.3695)
12,24,tensor(26.1915)
17,33,tensor(24.9680)
17,34,tensor(24.3807)
4,7,tensor(36.7728)
4,8,tensor(33.9768)
13,25,tensor(26.2299)
13,26,tensor(26.0532)
18,35,tensor(24.6243)
18,36,tensor(24.0847)
1,1,tensor(46.7319)
1,2,tensor(46.8971)
5,9,tensor(31.7877)
5,10,tensor(30.0478)
19,37,tensor(24.3271)
19,38,tensor(23.7674)
14,27,tensor(26.1382)
14,28,tensor(25.8799)
2,3,tensor(46.0365)
2,4,tensor(45.0766)
20,39,tensor(24.0012)
20,40,tensor(23.4473)
6,11,tensor(28.9476)
6,12,tensor(28.0042)
15,29,tensor(25.9407)
15,30,tensor(25.7370)
3,5,tensor(42.2236)
3,6,tensor(39.0526)
21,41,tensor(23.6726)
21,42,tensor(23.1348)
4,7,tensor(36.9854)
4,8,tensor(33.7239)
16,31,tensor(25.7930)
16,32,tensor(25.5187)
7,13,tensor(27.9423)
7,14,tensor(27.5533)
22,43,tensor(23.3551)
22,44,tensor(22.8323)
5,9,tensor(31.7200)
5,10,tensor(29.9510)
17,33,tensor(25.6060)
17,34,tensor(25.3701)
8,15,tensor(27.4977)
8,16,tensor(26.9788)
23,45,tensor(23.1224)
23,46,tensor(22.5895)
6,11,tensor(28.7176)
6,12,tensor(27.5847)
18,35,tensor(25.3885)
18,36,tensor(25.1408)
9,17,tensor(27.0875)
9,18,tensor(26.6420)
24,47,tensor(22.8509)
24,48,tensor(22.3106)
7,13,tensor(27.5348)
7,14,tensor(27.0449)
19,37,tensor(25.1613)
19,38,tensor(24.9432)
25,49,tensor(22.6017)
25,50,tensor(22.0968)
10,19,tensor(26.7377)
10,20,tensor(26.3165)
8,15,tensor(27.0300)
8,16,tensor(26.5456)
20,39,tensor(24.9162)
20,40,tensor(24.6678)
26,51,tensor(22.3893)
26,52,tensor(21.9288)
11,21,tensor(26.4965)
11,22,tensor(26.0777)
9,17,tensor(26.7455)
9,18,tensor(26.2328)
27,53,tensor(22.2276)
27,54,tensor(21.7519)
21,41,tensor(24.6555)
21,42,tensor(24.4565)
12,23,tensor(26.1713)
12,24,tensor(25.7473)
28,55,tensor(21.9663)
28,56,tensor(21.4428)
10,19,tensor(26.4374)
10,20,tensor(26.0461)
22,43,tensor(24.3828)
22,44,tensor(24.1524)
29,57,tensor(21.8016)
29,58,tensor(21.2581)
13,25,tensor(25.9896)
13,26,tensor(25.5397)
11,21,tensor(26.2822)
11,22,tensor(25.7582)
23,45,tensor(24.1358)
23,46,tensor(23.8962)
14,27,tensor(25.6878)
14,28,tensor(25.2632)
12,23,tensor(26.0209)
12,24,tensor(25.4955)
24,47,tensor(23.8310)
24,48,tensor(23.6098)
15,29,tensor(25.3994)
15,30,tensor(24.9244)
13,25,tensor(25.8166)
13,26,tensor(25.3018)
25,49,tensor(23.5615)
25,50,tensor(23.2820)
16,31,tensor(25.1511)
16,32,tensor(24.6708)
14,27,tensor(25.5770)
14,28,tensor(25.0707)
26,51,tensor(23.2134)
26,52,tensor(22.9652)
15,29,tensor(25.2818)
15,30,tensor(24.7623)
17,33,tensor(24.8020)
17,34,tensor(24.3457)
16,31,tensor(25.0688)
16,32,tensor(24.5317)
27,53,tensor(22.9043)
27,54,tensor(22.6698)
18,35,tensor(24.5086)
18,36,tensor(24.0089)
17,33,tensor(24.7161)
17,34,tensor(24.2315)
28,55,tensor(22.5624)
28,56,tensor(22.3309)
19,37,tensor(24.1911)
19,38,tensor(23.7084)
18,35,tensor(24.4216)
18,36,tensor(23.9402)
29,57,tensor(22.2846)
29,58,tensor(22.0670)
20,39,tensor(23.8730)
20,40,tensor(23.4143)
19,37,tensor(24.1719)
19,38,tensor(23.6128)
30,59,tensor(21.9788)
30,60,tensor(21.7821)
21,41,tensor(23.5715)
21,42,tensor(23.0482)
20,39,tensor(23.8172)
20,40,tensor(23.2845)
31,61,tensor(21.7430)
31,62,tensor(21.5410)
22,43,tensor(23.2560)
22,44,tensor(22.7470)
21,41,tensor(23.4630)
21,42,tensor(22.9480)
32,63,tensor(21.4304)
32,64,tensor(21.2554)
23,45,tensor(23.0166)
23,46,tensor(22.4416)
22,43,tensor(23.0935)
22,44,tensor(22.5919)
33,65,tensor(21.1216)
33,66,tensor(21.0382)
24,47,tensor(22.7070)
24,48,tensor(22.1662)
23,45,tensor(22.8577)
23,46,tensor(22.3109)
24,47,tensor(22.5795)
24,48,tensor(21.9980)
34,67,tensor(20.8939)
34,68,tensor(20.7707)
25,49,tensor(22.4369)
25,50,tensor(21.8821)
25,49,tensor(22.3200)
25,50,tensor(21.7391)
26,51,tensor(22.1923)
26,52,tensor(21.6656)
26,51,tensor(22.0434)
26,52,tensor(21.5313)
27,53,tensor(21.9389)
27,54,tensor(21.4068)
27,53,tensor(21.8278)
27,54,tensor(21.3808)
28,55,tensor(21.6694)
28,56,tensor(21.1245)
28,55,tensor(21.5755)
28,56,tensor(21.0774)
29,57,tensor(21.3926)
29,58,tensor(20.8638)
29,57,tensor(21.3573)
29,58,tensor(20.8367)
30,59,tensor(21.1524)
30,60,tensor(20.6541)
30,59,tensor(21.1188)
30,60,tensor(20.6036)
31,61,tensor(20.9184)
31,62,tensor(20.4096)
31,61,tensor(20.9517)
31,62,tensor(20.4124)
1,1,tensor(45.7234)
1,2,tensor(45.5844)
32,63,tensor(20.6375)
32,64,tensor(20.1528)
33,65,tensor(20.3756)
33,66,tensor(19.9325)
2,3,tensor(44.1442)
2,4,tensor(42.1313)
34,67,tensor(20.0944)
34,68,tensor(19.6267)
3,5,tensor(39.2366)
3,6,tensor(39.6476)
4,7,tensor(36.8351)
4,8,tensor(35.2727)
5,9,tensor(34.5930)
5,10,tensor(33.5933)
6,11,tensor(32.2552)
6,12,tensor(31.0317)
7,13,tensor(30.3977)
7,14,tensor(28.9240)
8,15,tensor(28.1832)
8,16,tensor(27.1810)
9,17,tensor(26.8109)
9,18,tensor(26.0547)
10,19,tensor(26.1520)
10,20,tensor(25.5732)
11,21,tensor(25.8610)
11,22,tensor(25.3020)
12,23,tensor(25.6068)
12,24,tensor(25.0781)
13,25,tensor(25.3577)
13,26,tensor(24.8764)
14,27,tensor(25.1148)
14,28,tensor(24.6257)
15,29,tensor(24.9021)
15,30,tensor(24.4231)
16,31,tensor(24.6985)
16,32,tensor(24.2049)
17,33,tensor(24.5390)
17,34,tensor(24.0328)
18,35,tensor(24.3199)
18,36,tensor(23.8368)
19,37,tensor(24.1392)
19,38,tensor(23.6686)
20,39,tensor(23.9587)
20,40,tensor(23.4749)
21,41,tensor(23.7869)
21,42,tensor(23.2950)
22,43,tensor(23.5609)
22,44,tensor(23.0640)
23,45,tensor(23.3346)
23,46,tensor(22.8019)
24,47,tensor(23.0658)
24,48,tensor(22.5036)
25,49,tensor(22.7503)
25,50,tensor(22.1989)
26,51,tensor(22.4700)
26,52,tensor(21.8244)
27,53,tensor(22.1589)
27,54,tensor(21.5287)
28,55,tensor(21.8711)
28,56,tensor(21.2361)
29,57,tensor(21.5626)
29,58,tensor(20.9689)
30,59,tensor(21.3266)
30,60,tensor(20.6695)
31,61,tensor(21.0225)
31,62,tensor(20.3545)
32,63,tensor(20.7775)
32,64,tensor(20.0879)
1,1,tensor(45.8819)
1,2,tensor(46.3196)
1,1,tensor(45.6969)
1,2,tensor(45.9695)
2,3,tensor(45.7524)
2,4,tensor(46.1623)
2,3,tensor(45.5756)
2,4,tensor(45.8151)
3,5,tensor(45.5722)
3,6,tensor(45.8993)
3,5,tensor(45.4005)
3,6,tensor(45.5774)
4,7,tensor(45.2619)
4,8,tensor(45.5229)
4,7,tensor(45.1146)
4,8,tensor(45.2273)
5,9,tensor(44.8342)
5,10,tensor(44.9882)
6,11,tensor(44.2453)
6,12,tensor(44.2805)
5,9,tensor(44.7005)
5,10,tensor(44.6992)
7,13,tensor(43.4380)
7,14,tensor(43.2802)
6,11,tensor(44.1471)
6,12,tensor(44.0195)
7,13,tensor(43.4398)
7,14,tensor(43.1259)
8,15,tensor(42.3832)
8,16,tensor(42.1275)
8,15,tensor(42.3976)
8,16,tensor(42.0722)
9,17,tensor(41.1714)
9,18,tensor(40.7318)
9,17,tensor(41.2057)
9,18,tensor(40.6375)
10,19,tensor(39.6782)
10,20,tensor(39.2020)
10,19,tensor(39.7526)
10,20,tensor(39.1075)
11,21,tensor(38.1764)
11,22,tensor(37.5822)
11,21,tensor(38.2416)
11,22,tensor(37.4217)
12,23,tensor(36.8689)
12,24,tensor(36.3797)
12,23,tensor(36.8093)
12,24,tensor(36.0248)
13,25,tensor(35.8606)
13,26,tensor(35.5136)
13,25,tensor(35.6166)
13,26,tensor(34.9508)
14,27,tensor(35.2001)
14,28,tensor(34.8324)
14,27,tensor(34.7826)
14,28,tensor(34.1507)
15,29,tensor(34.4430)
15,30,tensor(33.9767)
15,29,tensor(33.9941)
15,30,tensor(33.3049)
16,31,tensor(33.4403)
16,32,tensor(32.7937)
16,31,tensor(32.9838)
16,32,tensor(32.0423)
17,33,tensor(32.1639)
17,34,tensor(31.5511)
17,33,tensor(31.7015)
17,34,tensor(30.7378)
18,35,tensor(31.0086)
18,36,tensor(30.4446)
18,35,tensor(30.4737)
18,36,tensor(29.5692)
19,37,tensor(29.9880)
19,38,tensor(29.5848)
19,37,tensor(29.3998)
19,38,tensor(28.6580)
20,39,tensor(29.1721)
20,40,tensor(28.6791)
20,39,tensor(28.5570)
20,40,tensor(27.8298)
21,41,tensor(28.3225)
21,42,tensor(27.9134)
22,43,tensor(27.6673)
22,44,tensor(27.3171)
21,41,tensor(27.8275)
21,42,tensor(27.0792)
23,45,tensor(27.2063)
23,46,tensor(27.0217)
22,43,tensor(27.1453)
22,44,tensor(26.5947)
24,47,tensor(26.9645)
24,48,tensor(26.7989)
23,45,tensor(26.8020)
23,46,tensor(26.2659)
1,1,tensor(35.7492)
1,2,tensor(36.0785)
1,1,tensor(35.5828)
1,2,tensor(35.8219)
25,49,tensor(26.8160)
25,50,tensor(26.6183)
24,47,tensor(26.5435)
24,48,tensor(26.1039)
1,1,tensor(36.3738)
1,2,tensor(36.5986)
1,1,tensor(36.2445)
1,2,tensor(36.3918)
26,51,tensor(26.5797)
26,52,tensor(26.3990)
25,49,tensor(26.3803)
25,50,tensor(25.8661)
2,3,tensor(35.6756)
2,4,tensor(36.0060)
2,3,tensor(35.5073)
2,4,tensor(35.7456)
2,3,tensor(36.3013)
2,4,tensor(36.5266)
2,3,tensor(36.1719)
2,4,tensor(36.3223)
27,53,tensor(26.3924)
27,54,tensor(26.2587)
26,51,tensor(26.1417)
26,52,tensor(25.6350)
3,5,tensor(35.4363)
3,6,tensor(35.6736)
3,5,tensor(35.6044)
3,6,tensor(35.9338)
3,5,tensor(36.2326)
3,6,tensor(36.4572)
3,5,tensor(36.1052)
3,6,tensor(36.2466)
1,1,tensor(46.5038)
1,2,tensor(46.6720)
24)
1,1,tensor(46.6642)
1,2,tensor(46.8919)
83)
1,1,tensor(46.7010)
1,2,tensor(46.9140)
4,7,tensor(35.5327)
4,8,tensor(35.8533)
4,7,tensor(35.3644)
4,8,tensor(35.5969)
28,55,tensor(25.8719)
28,56,tensor(25.4062)
29,57,tensor(26.2383)
29,58,tensor(26.1072)
4,7,tensor(36.0354)
4,8,tensor(36.1781)
4,7,tensor(36.1620)
4,8,tensor(36.3850)
2,3,tensor(46.3757)
2,4,tensor(46.5208)
2,3,tensor(46.5360)
2,4,tensor(46.7353)
2,3,tensor(46.5666)
2,4,tensor(46.7518)
5,9,tensor(35.4577)
5,10,tensor(35.7836)
5,9,tensor(35.2880)
5,10,tensor(35.5242)
29,57,tensor(25.7797)
29,58,tensor(25.3517)
30,59,tensor(26.1992)
30,60,tensor(26.0994)
5,9,tensor(36.0926)
5,10,tensor(36.3083)
5,9,tensor(35.9633)
5,10,tensor(36.1035)
3,5,tensor(46.3431)
3,6,tensor(46.4833)
3,5,tensor(46.1831)
3,6,tensor(46.2841)
3,5,tensor(46.3649)
3,6,tensor(46.4985)
95)
6,11,tensor(35.2116)
6,12,tensor(35.4475)
6,11,tensor(35.3850)
6,12,tensor(35.7089)
31,61,tensor(26.2014)
31,62,tensor(26.0383)
31,61,tensor(25.7369)
31,62,tensor(25.2847)
6,11,tensor(36.0167)
6,12,tensor(36.2397)
4,7,tensor(46.0403)
4,8,tensor(46.0872)
6,11,tensor(35.8935)
6,12,tensor(36.0356)
4,7,tensor(46.0676)
4,8,tensor(46.0957)
7,13,tensor(35.1374)
7,14,tensor(35.3691)
7,13,tensor(35.3106)
7,14,tensor(35.6281)
32,63,tensor(26.2085)
32,64,tensor(26.0017)
32,63,tensor(25.7499)
32,64,tensor(25.2747)
7,13,tensor(35.9450)
7,14,tensor(36.1635)
7,13,tensor(35.8220)
7,14,tensor(35.9608)
5,9,tensor(45.5854)
5,10,tensor(45.5518)
5,9,tensor(45.4574)
5,10,tensor(45.3771)
5,9,tensor(45.6121)
5,10,tensor(45.5464)
33,65,tensor(26.1351)
33,66,tensor(25.9544)
33,65,tensor(25.6756)
33,66,tensor(25.2280)
8,15,tensor(35.2332)
8,16,tensor(35.5472)
6,11,tensor(44.9570)
6,12,tensor(44.8296)
6,11,tensor(44.8253)
6,12,tensor(44.6926)
6,11,tensor(44.9718)
6,12,tensor(44.8383)
34,67,tensor(25.5957)
34,68,tensor(25.1970)
34,67,tensor(26.0761)
34,68,tensor(25.9170)
9,17,tensor(34.9828)
9,18,tensor(35.2063)
9,17,tensor(35.1535)
9,18,tensor(35.4693)
35,69,tensor(25.5955)
35,70,tensor(25.1528)
35,69,tensor(26.0605)
35,70,tensor(25.8747)
9,17,tensor(35.7941)
9,18,tensor(36.0081)
9,17,tensor(35.6728)
9,18,tensor(35.8061)
7,13,tensor(44.1310)
7,14,tensor(43.8711)
7,13,tensor(44.0358)
7,14,tensor(43.7238)
7,13,tensor(44.1304)
7,14,tensor(43.8199)
10,19,tensor(34.9031)
10,20,tensor(35.1236)
10,19,tensor(35.0737)
10,20,tensor(35.3833)
36,71,tensor(25.5557)
36,72,tensor(25.0853)
36,71,tensor(25.9984)
36,72,tensor(25.8058)
10,19,tensor(35.5939)
10,20,tensor(35.7256)
10,19,tensor(35.7127)
10,20,tensor(35.9229)
,tensor(43.0439)
8,16,tensor(42.6672)
37,73,tensor(25.9366)
37,74,tensor(25.8090)
11,21,tensor(34.8175)
11,22,tensor(35.0339)
11,21,tensor(34.9890)
11,22,tensor(35.2939)
38,75,tensor(25.9351)
38,76,tensor(25.7933)
9,17,tensor(41.7881)
9,18,tensor(41.1987)
9,17,tensor(41.7606)
9,18,tensor(41.1958)
9,17,tensor(41.7972)
9,18,tensor(41.2366)
11,21,tensor(35.6304)
11,22,tensor(35.8430)
11,21,tensor(35.5117)
11,22,tensor(35.6418)
12,23,tensor(34.7330)
12,24,tensor(34.9435)
12,23,tensor(34.9008)
12,24,tensor(35.2052)
39,77,tensor(25.8772)
39,78,tensor(25.7236)
10,19,tensor(40.3338)
10,20,tensor(39.5980)
10,19,tensor(40.3250)
10,20,tensor(39.6815)
10,19,tensor(40.3521)
10,20,tensor(39.6983)
40,79,tensor(25.8195)
40,80,tensor(25.7065)
12,23,tensor(35.5467)
12,24,tensor(35.7544)
12,23,tensor(35.4277)
12,24,tensor(35.5542)
13,25,tensor(34.6386)
13,26,tensor(34.8485)
13,25,tensor(34.8116)
13,26,tensor(35.1094)
41,81,tensor(25.7605)
41,82,tensor(25.6316)
13,25,tensor(35.4583)
13,26,tensor(35.6594)
13,25,tensor(35.3410)
13,26,tensor(35.4612)
11,21,tensor(38.7747)
11,22,tensor(38.0787)
11,21,tensor(38.7161)
11,22,tensor(37.9567)
42,83,tensor(25.7367)
42,84,tensor(25.5834)
14,27,tensor(34.5435)
14,28,tensor(34.7503)
14,27,tensor(34.7159)
14,28,tensor(35.0108)
43,85,tensor(25.6867)
43,86,tensor(25.5551)
12,23,tensor(37.2619)
12,24,tensor(36.7313)
12,23,tensor(37.1662)
12,24,tensor(36.5657)
12,23,tensor(37.3022)
12,24,tensor(36.7482)
14,27,tensor(35.3683)
14,28,tensor(35.5670)
14,27,tensor(35.2481)
14,28,tensor(35.3687)
15,29,tensor(34.6190)
15,30,tensor(34.9096)
15,29,tensor(34.4432)
15,30,tensor(34.6488)
13,25,tensor(35.9748)
13,26,tensor(35.4400)
13,25,tensor(36.1077)
13,26,tensor(35.6472)
13,25,tensor(36.0914)
13,26,tensor(35.6216)
15,29,tensor(35.2699)
15,30,tensor(35.4667)
15,29,tensor(35.1540)
15,30,tensor(35.2684)
16,31,tensor(34.3422)
16,32,tensor(34.5445)
16,31,tensor(34.5157)
16,32,tensor(34.8010)
14,27,tensor(35.0739)
14,28,tensor(34.4955)
14,27,tensor(35.2101)
14,28,tensor(34.7316)
14,27,tensor(35.2631)
14,28,tensor(34.7518)
16,31,tensor(35.1686)
16,32,tensor(35.3656)
16,31,tensor(35.0544)
16,32,tensor(35.1668)
17,33,tensor(34.4121)
17,34,tensor(34.6879)
17,33,tensor(34.2374)
17,34,tensor(34.4290)
15,29,tensor(34.1262)
15,30,tensor(33.3374)
15,29,tensor(34.2764)
15,30,tensor(33.5889)
15,29,tensor(34.3556)
15,30,tensor(33.6493)
17,33,tensor(35.0665)
17,34,tensor(35.2505)
17,33,tensor(34.9511)
17,34,tensor(35.0571)
18,35,tensor(34.1230)
18,36,tensor(34.3137)
18,35,tensor(34.2974)
18,36,tensor(34.5754)
16,31,tensor(33.1298)
16,32,tensor(32.3108)
16,31,tensor(32.9277)
16,32,tensor(32.0597)
16,31,tensor(33.1140)
16,32,tensor(32.3843)
19,37,tensor(34.1860)
19,38,tensor(34.4547)
19,37,tensor(34.0092)
19,38,tensor(34.1949)
18,35,tensor(34.9549)
18,36,tensor(35.1449)
18,35,tensor(34.8393)
18,36,tensor(34.9460)
17,33,tensor(31.8315)
17,34,tensor(30.9714)
17,33,tensor(31.8816)
17,34,tensor(31.0662)
17,33,tensor(31.6323)
17,34,tensor(30.7207)
20,39,tensor(34.0665)
20,40,tensor(34.3286)
19,37,tensor(34.7277)
19,38,tensor(34.8249)
20,39,tensor(33.8894)
20,40,tensor(34.0690)
19,37,tensor(34.8383)
19,38,tensor(35.0231)
18,35,tensor(30.6881)
18,36,tensor(29.8856)
18,35,tensor(30.6966)
18,36,tensor(29.9908)
18,35,tensor(30.4581)
18,36,tensor(29.6190)
21,41,tensor(33.7615)
21,42,tensor(33.9394)
21,41,tensor(33.9394)
21,42,tensor(34.1991)
20,39,tensor(34.6112)
20,40,tensor(34.7049)
20,39,tensor(34.7190)
20,40,tensor(34.8979)
19,37,tensor(29.7059)
19,38,tensor(28.9327)
19,37,tensor(29.4700)
19,38,tensor(28.6478)
19,37,tensor(29.7736)
19,38,tensor(29.1188)
22,43,tensor(33.6319)
22,44,tensor(33.8063)
22,43,tensor(33.8144)
22,44,tensor(34.0674)
21,41,tensor(34.4953)
21,42,tensor(34.5832)
21,41,tensor(34.6040)
21,42,tensor(34.7770)
20,39,tensor(28.6500)
20,40,tensor(27.9132)
20,39,tensor(28.9065)
20,40,tensor(28.2003)
20,39,tensor(29.0163)
20,40,tensor(28.3890)
23,45,tensor(33.5062)
23,46,tensor(33.6678)
23,45,tensor(33.6818)
23,46,tensor(33.9310)
22,43,tensor(34.4717)
22,44,tensor(34.6435)
22,43,tensor(34.3612)
22,44,tensor(34.4471)
21,41,tensor(28.2833)
21,42,tensor(27.6059)
21,41,tensor(28.3925)
21,42,tensor(27.8413)
21,41,tensor(27.9826)
21,42,tensor(27.2656)
24,47,tensor(33.5425)
24,48,tensor(33.7895)
24,47,tensor(33.3603)
24,48,tensor(33.5247)
23,45,tensor(34.3404)
23,46,tensor(34.5090)
23,45,tensor(34.2293)
23,46,tensor(34.3145)
22,43,tensor(27.9330)
22,44,tensor(27.4602)
22,43,tensor(27.8218)
22,44,tensor(27.2646)
22,43,tensor(27.5003)
22,44,tensor(26.8880)
25,49,tensor(33.4076)
25,50,tensor(33.6432)
25,49,tensor(33.2241)
25,50,tensor(33.3767)
24,47,tensor(34.1008)
24,48,tensor(34.1761)
24,47,tensor(34.2085)
24,48,tensor(34.3699)
23,45,tensor(27.5521)
23,46,tensor(26.9962)
23,45,tensor(27.6646)
23,46,tensor(27.1881)
23,45,tensor(27.1909)
23,46,tensor(26.6141)
26,51,tensor(33.0767)
26,52,tensor(33.2287)
26,51,tensor(33.2637)
26,52,tensor(33.4935)
25,49,tensor(33.9582)
25,50,tensor(34.0273)
25,49,tensor(34.0620)
25,50,tensor(34.2273)
24,47,tensor(27.0115)
24,48,tensor(26.3860)
24,47,tensor(27.3916)
24,48,tensor(26.7759)
24,47,tensor(27.4640)
24,48,tensor(26.9801)
27,53,tensor(33.1184)
27,54,tensor(33.3439)
27,53,tensor(32.9290)
27,54,tensor(33.0712)
26,51,tensor(33.8105)
26,52,tensor(33.8908)
26,51,tensor(33.9158)
26,52,tensor(34.0785)
25,49,tensor(27.1106)
25,50,tensor(26.5548)
25,49,tensor(27.2289)
25,50,tensor(26.7638)
28,55,tensor(32.7779)
28,56,tensor(32.9130)
28,55,tensor(32.9703)
28,56,tensor(33.1905)
26,51,tensor(26.4689)
26,52,tensor(25.9965)
27,53,tensor(33.7723)
27,54,tensor(33.9270)
27,53,tensor(33.6673)
27,54,tensor(33.7309)
26,51,tensor(26.9397)
26,52,tensor(26.5646)
26,51,tensor(26.8322)
26,52,tensor(26.4028)
29,57,tensor(32.6211)
29,58,tensor(32.7600)
29,57,tensor(32.8204)
29,58,tensor(33.0346)
27,53,tensor(26.2860)
27,54,tensor(25.8066)
28,55,tensor(33.6220)
28,56,tensor(33.7724)
28,55,tensor(33.5132)
28,56,tensor(33.5768)
30,59,tensor(32.4651)
30,60,tensor(32.5944)
30,59,tensor(32.6656)
30,60,tensor(32.8765)
28,55,tensor(26.6554)
28,56,tensor(26.3992)
28,55,tensor(26.2239)
28,56,tensor(25.7591)
28,55,tensor(26.6359)
28,56,tensor(26.2076)
29,57,tensor(33.3672)
29,58,tensor(33.4257)
29,57,tensor(33.4636)
29,58,tensor(33.6120)
31,61,tensor(32.5093)
31,62,tensor(32.7116)
31,61,tensor(32.3071)
31,62,tensor(32.4283)
29,57,tensor(26.1845)
29,58,tensor(25.7271)
29,57,tensor(26.6398)
29,58,tensor(26.3608)
29,57,tensor(26.5926)
29,58,tensor(26.1860)
30,59,tensor(33.3049)
30,60,tensor(33.4529)
30,59,tensor(33.2041)
30,60,tensor(33.2617)
30,59,tensor(26.6661)
30,60,tensor(26.3200)
32,63,tensor(32.3508)
32,64,tensor(32.5498)
32,63,tensor(32.1456)
32,64,tensor(32.2664)
30,59,tensor(26.1236)
30,60,tensor(25.6723)
30,59,tensor(26.5357)
30,60,tensor(26.1495)
31,61,tensor(33.0498)
31,62,tensor(33.0981)
31,61,tensor(33.1457)
31,62,tensor(33.2849)
31,61,tensor(26.5746)
31,62,tensor(26.2815)
31,61,tensor(26.0596)
31,62,tensor(25.6332)
33,65,tensor(31.9795)
33,66,tensor(32.0971)
33,65,tensor(32.1920)
33,66,tensor(32.3882)
31,61,tensor(26.4954)
31,62,tensor(26.0928)
32,63,tensor(26.5436)
32,64,tensor(26.2544)
32,63,tensor(32.9886)
32,64,tensor(33.1268)
32,63,tensor(32.8900)
32,64,tensor(32.9401)
32,63,tensor(26.0293)
32,64,tensor(25.6247)
32,63,tensor(26.4622)
32,64,tensor(26.0514)
34,67,tensor(31.8229)
34,68,tensor(31.9287)
34,67,tensor(32.0353)
34,68,tensor(32.2245)
33,65,tensor(26.5048)
33,66,tensor(26.2313)
33,65,tensor(25.9721)
33,66,tensor(25.6121)
33,65,tensor(32.8297)
33,66,tensor(32.9531)
33,65,tensor(32.7278)
33,66,tensor(32.7658)
33,65,tensor(26.3849)
33,66,tensor(26.0400)
35,69,tensor(31.6579)
35,70,tensor(31.7648)
35,69,tensor(31.8766)
35,70,tensor(32.0598)
34,67,tensor(26.4492)
34,68,tensor(26.2111)
34,67,tensor(25.9536)
34,68,tensor(25.5611)
34,67,tensor(32.5650)
34,68,tensor(32.6064)
34,67,tensor(32.6669)
34,68,tensor(32.7876)
36,71,tensor(31.7172)
36,72,tensor(31.8999)
36,71,tensor(31.4970)
36,72,tensor(31.6023)
35,69,tensor(26.4346)
35,70,tensor(26.1310)
35,69,tensor(25.9352)
35,70,tensor(25.5117)
35,69,tensor(26.3425)
35,70,tensor(25.9633)
35,69,tensor(32.3978)
35,70,tensor(32.4393)
35,69,tensor(32.5002)
35,70,tensor(32.6253)
36,71,tensor(26.3902)
36,72,tensor(26.1237)
37,73,tensor(31.5578)
37,74,tensor(31.7345)
37,73,tensor(31.3283)
37,74,tensor(31.4312)
36,71,tensor(25.8791)
36,72,tensor(25.4810)
36,71,tensor(26.2815)
36,72,tensor(25.9106)
37,73,tensor(26.3646)
37,74,tensor(26.0312)
36,71,tensor(32.3388)
36,72,tensor(32.4573)
36,71,tensor(32.2422)
36,72,tensor(32.2689)
38,75,tensor(31.1712)
38,76,tensor(31.2631)
38,75,tensor(31.4030)
38,76,tensor(31.5725)
37,73,tensor(25.8282)
37,74,tensor(25.4098)
37,73,tensor(26.2435)
37,74,tensor(25.8487)
38,75,tensor(26.3142)
38,76,tensor(26.0203)
37,73,tensor(32.0785)
37,74,tensor(32.1038)
37,73,tensor(32.1676)
37,74,tensor(32.2842)
39,77,tensor(31.2483)
39,78,tensor(31.4103)
39,77,tensor(31.0118)
39,78,tensor(31.0983)
39,77,tensor(25.7746)
39,78,tensor(25.3283)
39,77,tensor(26.1771)
39,78,tensor(25.7559)
38,75,tensor(32.0066)
38,76,tensor(32.1142)
38,75,tensor(31.9137)
38,76,tensor(31.9347)
40,79,tensor(30.8560)
40,80,tensor(30.9394)
40,79,tensor(31.0932)
40,80,tensor(31.2555)
40,79,tensor(25.7193)
40,80,tensor(25.2704)
40,79,tensor(26.1258)
40,80,tensor(25.6860)
41,81,tensor(30.9402)
41,82,tensor(31.1003)
41,81,tensor(30.6967)
41,82,tensor(30.7800)
39,77,tensor(31.8468)
39,78,tensor(31.9505)
39,77,tensor(31.7550)
39,78,tensor(31.7747)
41,81,tensor(25.6885)
41,82,tensor(25.2341)
41,81,tensor(26.0889)
41,82,tensor(25.6695)
42,83,tensor(30.5435)
42,84,tensor(30.6246)
42,83,tensor(30.7892)
42,84,tensor(30.9453)
42,83,tensor(25.6177)
42,84,tensor(25.2099)
40,79,tensor(31.5950)
40,80,tensor(31.6103)
40,79,tensor(31.6784)
40,80,tensor(31.7921)
42,83,tensor(26.0161)
42,84,tensor(25.6285)
43,85,tensor(25.6204)
43,86,tensor(25.1680)
43,85,tensor(30.6452)
43,86,tensor(30.7959)
43,85,tensor(30.3932)
43,86,tensor(30.4666)
43,85,tensor(25.9927)
43,86,tensor(25.5670)
41,81,tensor(31.4352)
41,82,tensor(31.4505)
41,81,tensor(31.5205)
41,82,tensor(31.6207)
44,87,tensor(25.5653)
44,88,tensor(25.0639)
44,87,tensor(25.9393)
44,88,tensor(25.4618)
44,87,tensor(30.5002)
44,88,tensor(30.6466)
44,87,tensor(30.2459)
44,88,tensor(30.3195)
42,83,tensor(31.3632)
42,84,tensor(31.4587)
42,83,tensor(31.2756)
42,84,tensor(31.2845)
45,89,tensor(25.4635)
45,90,tensor(25.0077)
45,89,tensor(25.8246)
45,90,tensor(25.4071)
45,89,tensor(30.1019)
45,90,tensor(30.1700)
45,89,tensor(30.3635)
45,90,tensor(30.5023)
43,85,tensor(31.1248)
43,86,tensor(31.1491)
43,85,tensor(31.2070)
43,86,tensor(31.3048)
46,91,tensor(25.7805)
46,92,tensor(25.3635)
46,91,tensor(30.2287)
46,92,tensor(30.3626)
46,91,tensor(29.9654)
46,92,tensor(30.0274)
47,93,tensor(25.6596)
47,94,tensor(25.2580)
44,87,tensor(30.9718)
44,88,tensor(30.9834)
44,87,tensor(31.0478)
44,88,tensor(31.1491)
47,93,tensor(30.0931)
47,94,tensor(30.2278)
47,93,tensor(29.8255)
47,94,tensor(29.8846)
45,89,tensor(30.9013)
45,90,tensor(30.9964)
45,89,tensor(30.8360)
45,90,tensor(30.8328)
49,97,tensor(25.4901)
49,98,tensor(25.0404)
48,95,tensor(29.9612)
48,96,tensor(30.1032)
48,95,tensor(29.6967)
48,96,tensor(29.7519)
46,91,tensor(30.7631)
46,92,tensor(30.8566)
46,91,tensor(30.6934)
46,92,tensor(30.6911)
50,99,tensor(25.3820)
50,100,tensor(24.9311)
49,97,tensor(29.8410)
49,98,tensor(29.9695)
49,97,tensor(29.5693)
49,98,tensor(29.6221)
47,93,tensor(30.6144)
47,94,tensor(30.7128)
47,93,tensor(30.5496)
47,94,tensor(30.5492)
51,101,tensor(25.2682)
51,102,tensor(24.8071)
50,99,tensor(29.4468)
50,100,tensor(29.4973)
50,99,tensor(29.7227)
50,100,tensor(29.8477)
48,95,tensor(30.4149)
48,96,tensor(30.4165)
48,95,tensor(30.4786)
48,96,tensor(30.5712)
)
51,101,tensor(29.3244)
51,102,tensor(29.3711)
51,101,tensor(29.6080)
51,102,tensor(29.7251)
49,97,tensor(30.2896)
49,98,tensor(30.2849)
53,105,tensor(24.9597)
53,106,tensor(24.5091)
49,97,tensor(30.3415)
49,98,tensor(30.4320)
52,103,tensor(29.2145)
52,104,tensor(29.2579)
52,103,tensor(29.4946)
52,104,tensor(29.6104)
54,107,tensor(24.8298)
54,108,tensor(24.2957)
50,99,tensor(30.1558)
50,100,tensor(30.1503)
50,99,tensor(30.2181)
50,100,tensor(30.3051)
53,105,tensor(29.1064)
53,106,tensor(29.1476)
53,105,tensor(29.3892)
53,106,tensor(29.4974)
55,109,tensor(24.6231)
55,110,tensor(24.1432)
51,101,tensor(30.0447)
51,102,tensor(30.0224)
51,101,tensor(30.0888)
51,102,tensor(30.1744)
54,107,tensor(29.0021)
54,108,tensor(29.0398)
54,107,tensor(29.2867)
54,108,tensor(29.3966)
56,111,tensor(24.3771)
56,112,tensor(23.9826)
52,103,tensor(29.9659)
52,104,tensor(30.0544)
52,103,tensor(29.9253)
52,104,tensor(29.9007)
57,113,tensor(24.1909)
57,114,tensor(23.7166)
55,109,tensor(29.1907)
55,110,tensor(29.2962)
55,109,tensor(28.9036)
55,110,tensor(28.9372)
53,105,tensor(29.8113)
53,106,tensor(29.7892)
53,105,tensor(29.8578)
53,106,tensor(29.9305)
58,115,tensor(23.9734)
58,116,tensor(23.4571)
56,111,tensor(29.0990)
56,112,tensor(29.2010)
56,111,tensor(28.8099)
56,112,tensor(28.8408)
54,107,tensor(29.7411)
54,108,tensor(29.8165)
54,107,tensor(29.6988)
54,108,tensor(29.6816)
59,117,tensor(23.7672)
59,118,tensor(23.1977)
57,113,tensor(28.7190)
57,114,tensor(28.7497)
57,113,tensor(29.0092)
57,114,tensor(29.1116)
55,109,tensor(29.6387)
55,110,tensor(29.7031)
55,109,tensor(29.5997)
55,110,tensor(29.5810)
60,119,tensor(23.4538)
60,120,tensor(22.9916)
58,115,tensor(28.6350)
58,116,tensor(28.6576)
58,115,tensor(28.9253)
58,116,tensor(29.0267)
61,121,tensor(23.2426)
61,122,tensor(22.6868)
56,111,tensor(29.5288)
56,112,tensor(29.6108)
56,111,tensor(29.4963)
56,112,tensor(29.4779)
59,117,tensor(28.5523)
59,118,tensor(28.5726)
59,117,tensor(28.8460)
59,118,tensor(28.9406)
62,123,tensor(22.9526)
62,124,tensor(22.4224)
57,113,tensor(29.4136)
57,114,tensor(29.3769)
57,113,tensor(29.4379)
57,114,tensor(29.5090)
60,119,tensor(28.4745)
60,120,tensor(28.4947)
60,119,tensor(28.7723)
60,120,tensor(28.8626)
63,125,tensor(22.7355)
63,126,tensor(22.1445)
58,115,tensor(29.3468)
58,116,tensor(29.4167)
58,115,tensor(29.3250)
58,116,tensor(29.2937)
61,121,tensor(28.3981)
61,122,tensor(28.4179)
61,121,tensor(28.7017)
61,122,tensor(28.7925)
64,127,tensor(22.4482)
64,128,tensor(21.9623)
59,117,tensor(29.2579)
59,118,tensor(29.3208)
62,123,tensor(28.3317)
62,124,tensor(28.3469)
62,123,tensor(28.6328)
62,124,tensor(28.7223)
59,117,tensor(29.2388)
59,118,tensor(29.2018)
65,129,tensor(22.1663)
65,130,tensor(21.6821)
60,119,tensor(29.1822)
60,120,tensor(29.2384)
63,125,tensor(28.5732)
63,126,tensor(28.6538)
63,125,tensor(28.2688)
63,126,tensor(28.2758)
60,119,tensor(29.1582)
60,120,tensor(29.1200)
66,131,tensor(21.9713)
66,132,tensor(21.5521)
61,121,tensor(29.0992)
61,122,tensor(29.1627)
64,127,tensor(28.2038)
64,128,tensor(28.2158)
64,127,tensor(28.5145)
64,128,tensor(28.5935)
61,121,tensor(29.0814)
61,122,tensor(29.0475)
67,133,tensor(21.8352)
67,134,tensor(21.2637)
65,129,tensor(28.4552)
65,130,tensor(28.5337)
65,129,tensor(28.1441)
65,130,tensor(28.1531)
62,123,tensor(29.0264)
62,124,tensor(29.0854)
62,123,tensor(29.0130)
62,124,tensor(28.9675)
68,135,tensor(21.5245)
68,136,tensor(21.0953)
69,137,tensor(21.3983)
69,138,tensor(20.8449)
63,125,tensor(28.9399)
63,126,tensor(28.8956)
66,131,tensor(28.4071)
66,132,tensor(28.4794)
66,131,tensor(28.0910)
66,132,tensor(28.0939)
70,139,tensor(21.2072)
70,140,tensor(20.6948)
64,127,tensor(28.8883)
64,128,tensor(28.9418)
64,127,tensor(28.8735)
64,128,tensor(28.8363)
67,133,tensor(28.3566)
67,134,tensor(28.4285)
67,133,tensor(28.0376)
67,134,tensor(28.0399)
71,141,tensor(21.0631)
71,142,tensor(20.4969)
65,129,tensor(28.8150)
65,130,tensor(28.7698)
68,135,tensor(28.3106)
68,136,tensor(28.3804)
68,135,tensor(27.9910)
68,136,tensor(27.9893)
65,129,tensor(28.8262)
65,130,tensor(28.8835)
72,143,tensor(20.8314)
72,144,tensor(20.2912)
69,137,tensor(27.9481)
69,138,tensor(27.9403)
66,131,tensor(28.7634)
66,132,tensor(28.8195)
66,131,tensor(28.7616)
66,132,tensor(28.7098)
69,137,tensor(28.2680)
69,138,tensor(28.3380)
73,145,tensor(20.5846)
73,146,tensor(20.1162)
70,139,tensor(27.9010)
70,140,tensor(27.8946)
67,133,tensor(28.7107)
67,134,tensor(28.6547)
67,133,tensor(28.7138)
67,134,tensor(28.7677)
70,139,tensor(28.2273)
70,140,tensor(28.2930)
74,147,tensor(20.5558)
74,148,tensor(19.9927)
71,141,tensor(27.8599)
71,142,tensor(27.8539)
71,141,tensor(28.1897)
71,142,tensor(28.2521)
68,135,tensor(28.6613)
68,136,tensor(28.7117)
68,135,tensor(28.6624)
68,136,tensor(28.6081)
75,149,tensor(20.3012)
75,150,tensor(19.7657)
72,143,tensor(27.8218)
72,144,tensor(27.8099)
69,137,tensor(28.6129)
69,138,tensor(28.5580)
69,137,tensor(28.6086)
69,138,tensor(28.6623)
72,143,tensor(28.1562)
72,144,tensor(28.2137)
76,151,tensor(20.0889)
76,152,tensor(19.6428)
73,145,tensor(27.7863)
73,146,tensor(27.7722)
70,139,tensor(28.5648)
70,140,tensor(28.6105)
73,145,tensor(28.1228)
73,146,tensor(28.1805)
70,139,tensor(28.5762)
70,140,tensor(28.5102)
77,153,tensor(19.9610)
77,154,tensor(19.4193)
74,147,tensor(27.7523)
74,148,tensor(27.7394)
74,147,tensor(28.0912)
74,148,tensor(28.1483)
71,141,tensor(28.5326)
71,142,tensor(28.4713)
71,141,tensor(28.5265)
71,142,tensor(28.5685)
78,155,tensor(19.6806)
78,156,tensor(19.2818)
75,149,tensor(27.7204)
75,150,tensor(27.7020)
72,143,tensor(28.4848)
72,144,tensor(28.5249)
72,143,tensor(28.4953)
72,144,tensor(28.4279)
75,149,tensor(28.0643)
75,150,tensor(28.1158)
79,157,tensor(19.5876)
79,158,tensor(19.0460)
76,151,tensor(27.6925)
76,152,tensor(27.6730)
80,159,tensor(19.4085)
80,160,tensor(18.9015)
73,145,tensor(28.4507)
73,146,tensor(28.4874)
73,145,tensor(28.4543)
73,146,tensor(28.3931)
77,153,tensor(27.6619)
77,154,tensor(27.6414)
81,161,tensor(19.2212)
81,162,tensor(18.6841)
77,153,tensor(28.0136)
77,154,tensor(28.0642)
74,147,tensor(28.4181)
74,148,tensor(28.4510)
74,147,tensor(28.4255)
74,148,tensor(28.3545)
78,155,tensor(27.6373)
78,156,tensor(27.6130)
78,155,tensor(27.9911)
78,156,tensor(28.0396)
82,163,tensor(18.9628)
82,164,tensor(18.5692)
75,149,tensor(28.3843)
75,150,tensor(28.4184)
75,149,tensor(28.3919)
75,150,tensor(28.3191)
79,157,tensor(27.6126)
79,158,tensor(27.5863)
79,157,tensor(27.9686)
79,158,tensor(28.0173)
83,165,tensor(18.8278)
83,166,tensor(18.2724)
76,151,tensor(28.3547)
76,152,tensor(28.3837)
76,151,tensor(28.3623)
76,152,tensor(28.2897)
80,159,tensor(27.5893)
80,160,tensor(27.5629)
84,167,tensor(18.6813)
84,168,tensor(18.1219)
80,159,tensor(27.9488)
80,160,tensor(27.9933)
77,153,tensor(28.3249)
77,154,tensor(28.3589)
77,153,tensor(28.3394)
77,154,tensor(28.2656)
85,169,tensor(18.4248)
85,170,tensor(17.8737)
81,161,tensor(27.9306)
81,162,tensor(27.9756)
78,155,tensor(28.3030)
78,156,tensor(28.3299)
78,155,tensor(28.3163)
78,156,tensor(28.2390)
86,171,tensor(18.3083)
86,172,tensor(17.7048)
82,163,tensor(27.5482)
82,164,tensor(27.5190)
82,163,tensor(27.9145)
82,164,tensor(27.9550)
79,157,tensor(28.2780)
79,158,tensor(28.3008)
79,157,tensor(28.2917)
79,158,tensor(28.2139)
87,173,tensor(17.9828)
87,174,tensor(17.5949)
83,165,tensor(27.5294)
83,166,tensor(27.4958)
83,165,tensor(27.8992)
83,166,tensor(27.9393)
80,159,tensor(28.2612)
80,160,tensor(28.2854)
80,159,tensor(28.2692)
80,160,tensor(28.1901)
88,175,tensor(17.8330)
88,176,tensor(17.4049)
84,167,tensor(27.8856)
84,168,tensor(27.9228)
81,161,tensor(28.2380)
81,162,tensor(28.2594)
81,161,tensor(28.2491)
81,162,tensor(28.1674)
89,177,tensor(17.6567)
89,178,tensor(17.1444)
85,169,tensor(27.8723)
85,170,tensor(27.9083)
82,163,tensor(28.2147)
82,164,tensor(28.2365)
82,163,tensor(28.2298)
82,164,tensor(28.1487)
90,179,tensor(17.6101)
90,180,tensor(16.9853)
86,171,tensor(27.8587)
86,172,tensor(27.8939)
83,165,tensor(28.2131)
83,166,tensor(28.1286)
83,165,tensor(28.2022)
83,166,tensor(28.2194)
87,173,tensor(27.8479)
87,174,tensor(27.8814)
92,183,tensor(16.9847)
92,184,tensor(16.6875)
84,167,tensor(28.1809)
84,168,tensor(28.2020)
84,167,tensor(28.1980)
84,168,tensor(28.1116)
1,1,tensor(36.3942)
1,2,tensor(36.5935)
1,1,tensor(46.4482)
1,2,tensor(50.0745)
93,185,tensor(16.9301)
93,186,tensor(16.3889)
89,177,tensor(27.8264)
89,178,tensor(27.8573)
85,169,tensor(28.1809)
85,170,tensor(28.0960)
85,169,tensor(28.1675)
85,170,tensor(28.1845)
94,187,tensor(16.7726)
94,188,tensor(16.1705)
90,179,tensor(27.8170)
90,180,tensor(27.8494)
2,3,tensor(38.5622)
2,4,tensor(41.4226)
2,3,tensor(36.3175)
2,4,tensor(36.5216)
86,171,tensor(28.1684)
86,172,tensor(28.0828)
86,171,tensor(28.1570)
86,172,tensor(28.1701)
91,181,tensor(27.8088)
91,182,tensor(27.8391)
95,189,tensor(16.5093)
95,190,tensor(16.0745)
3,5,tensor(54.5147)
3,6,tensor(32.9653)
3,5,tensor(36.2497)
3,6,tensor(36.4443)
87,173,tensor(28.1456)
87,174,tensor(28.1561)
87,173,tensor(28.1563)
87,174,tensor(28.0682)
96,191,tensor(16.3462)
96,192,tensor(15.8539)
4,7,tensor(36.5553)
4,8,tensor(38.8154)
88,175,tensor(28.1300)
88,176,tensor(28.1388)
88,175,tensor(28.1434)
88,176,tensor(28.0537)
4,7,tensor(36.1779)
4,8,tensor(36.3739)
97,193,tensor(16.0789)
97,194,tensor(15.5987)
93,185,tensor(27.7946)
93,186,tensor(27.8231)
89,177,tensor(28.1335)
89,178,tensor(28.0403)
89,177,tensor(28.1182)
89,178,tensor(28.1287)
5,9,tensor(36.1054)
5,10,tensor(36.2966)
98,195,tensor(15.9021)
98,196,tensor(15.4965)
94,187,tensor(27.7878)
94,188,tensor(27.8142)
90,179,tensor(28.1081)
90,180,tensor(28.1157)
90,179,tensor(28.1200)
90,180,tensor(28.0285)
95,189,tensor(27.7821)
95,190,tensor(27.8074)
6,11,tensor(36.0330)
6,12,tensor(36.2255)
6,11,tensor(31.1507)
6,12,tensor(30.6871)
100,199,tensor(15.5331)
100,200,tensor(15.1352)
96,191,tensor(27.7762)
96,192,tensor(27.7999)
91,181,tensor(28.0977)
91,182,tensor(28.1047)
7,13,tensor(35.9601)
7,14,tensor(36.1470)
7,13,tensor(31.1860)
7,14,tensor(28.4689)
97,193,tensor(27.7712)
97,194,tensor(27.7936)
101,201,tensor(15.4513)
101,202,tensor(15.0107)
8,15,tensor(35.8825)
8,16,tensor(36.0699)
8,15,tensor(28.6576)
8,16,tensor(27.1644)
98,195,tensor(27.7642)
98,196,tensor(27.7889)
102,203,tensor(15.1658)
102,204,tensor(14.7566)
9,17,tensor(35.8055)
9,18,tensor(35.9897)
9,17,tensor(28.2880)
9,18,tensor(27.1553)
103,205,tensor(15.1209)
103,206,tensor(14.6409)
10,19,tensor(35.7249)
10,20,tensor(35.9065)
104,207,tensor(14.9258)
104,208,tensor(14.4832)
11,21,tensor(35.6425)
11,22,tensor(35.8190)
11,21,tensor(27.8572)
11,22,tensor(26.1450)
105,209,tensor(14.6867)
105,210,tensor(14.2964)
12,23,tensor(35.5538)
12,24,tensor(35.7287)
106,211,tensor(14.5215)
106,212,tensor(13.9905)
12,23,tensor(27.2289)
12,24,tensor(25.6391)
13,25,tensor(35.4661)
13,26,tensor(35.6336)
60)
13,25,tensor(26.5951)
13,26,tensor(25.3530)
108,215,tensor(14.1025)
108,216,tensor(13.7596)
14,27,tensor(35.3721)
14,28,tensor(35.5391)
14,27,tensor(26.5432)
14,28,tensor(24.4892)
109,217,tensor(13.9979)
109,218,tensor(13.4984)
110,219,tensor(13.9200)
110,220,tensor(13.3603)
15,29,tensor(35.2743)
15,30,tensor(35.4341)
15,29,tensor(25.7023)
15,30,tensor(24.2281)
16,31,tensor(35.1740)
16,32,tensor(35.3296)
16,31,tensor(25.2704)
16,32,tensor(23.9538)
17,33,tensor(35.0662)
17,34,tensor(35.2194)
17,33,tensor(25.1930)
17,34,tensor(23.7663)
18,35,tensor(24.9178)
18,36,tensor(23.2059)
18,35,tensor(34.9556)
18,36,tensor(35.1050)
19,37,tensor(24.4246)
19,38,tensor(23.1024)
19,37,tensor(34.8431)
19,38,tensor(34.9835)
20,39,tensor(24.2966)
20,40,tensor(22.7637)
20,39,tensor(34.7224)
20,40,tensor(34.8591)
21,41,tensor(24.0577)
21,42,tensor(22.6234)
21,41,tensor(34.6029)
21,42,tensor(34.7325)
22,43,tensor(23.7437)
22,44,tensor(22.4252)
23,45,tensor(23.4956)
23,46,tensor(22.2051)
22,43,tensor(34.4660)
22,44,tensor(34.5955)
24,47,tensor(23.3600)
24,48,tensor(22.1038)
23,45,tensor(34.3339)
23,46,tensor(34.4582)
25,49,tensor(23.1261)
25,50,tensor(21.7742)
24,47,tensor(34.2058)
24,48,tensor(34.3217)
26,51,tensor(23.0061)
26,52,tensor(21.5147)
25,49,tensor(34.0630)
25,50,tensor(34.1681)
27,53,tensor(22.8605)
27,54,tensor(21.3897)
28,55,tensor(22.6506)
28,56,tensor(21.2264)
26,51,tensor(33.9089)
26,52,tensor(34.0248)
27,53,tensor(33.7598)
27,54,tensor(33.8653)
28,55,tensor(33.6063)
28,56,tensor(33.7090)
29,57,tensor(33.4598)
29,58,tensor(33.5478)
30,59,tensor(33.2957)
30,60,tensor(33.3870)
31,61,tensor(33.1380)
31,62,tensor(33.2207)
32,63,tensor(32.9712)
32,64,tensor(33.0527)
33,65,tensor(32.8100)
33,66,tensor(32.8782)
34,67,tensor(32.6397)
34,68,tensor(32.7121)
35,69,tensor(32.4707)
35,70,tensor(32.5420)
36,71,tensor(32.3119)
36,72,tensor(32.3676)
37,73,tensor(32.1421)
37,74,tensor(32.2002)
38,75,tensor(31.9761)
38,76,tensor(32.0245)
39,77,tensor(31.8095)
39,78,tensor(31.8571)
40,79,tensor(31.6481)
40,80,tensor(31.6847)
41,81,tensor(31.4840)
41,82,tensor(31.5216)
42,83,tensor(31.3178)
42,84,tensor(31.3523)
43,85,tensor(31.1630)
43,86,tensor(31.2076)
44,87,tensor(30.9997)
44,88,tensor(31.0297)
45,89,tensor(30.8570)
45,90,tensor(30.8749)
46,91,tensor(30.7078)
46,92,tensor(30.7272)
47,93,tensor(30.5588)
47,94,tensor(30.5743)
1,1,tensor(46.3883)
1,2,tensor(52.2537)
48,95,tensor(30.4166)
48,96,tensor(30.4367)
2,3,tensor(42.2434)
2,4,tensor(37.2539)
49,97,tensor(30.2862)
49,98,tensor(30.2916)
3,5,tensor(43.2497)
3,6,tensor(30.3007)
50,99,tensor(30.1460)
50,100,tensor(30.1515)
51,101,tensor(30.0202)
51,102,tensor(30.0217)
52,103,tensor(29.8980)
52,104,tensor(29.8924)
5,9,tensor(30.4951)
5,10,tensor(30.3546)
53,105,tensor(29.7762)
53,106,tensor(29.7681)
6,11,tensor(30.0099)
6,12,tensor(26.8740)
54,107,tensor(29.6555)
54,108,tensor(29.6547)
7,13,tensor(27.3917)
7,14,tensor(26.6246)
55,109,tensor(29.5484)
55,110,tensor(29.5438)
8,15,tensor(27.8607)
8,16,tensor(26.8962)
56,111,tensor(29.4397)
56,112,tensor(29.4301)
57,113,tensor(29.3470)
57,114,tensor(29.3196)
9,17,tensor(27.5109)
9,18,tensor(25.5733)
10,19,tensor(26.5647)
10,20,tensor(24.9235)
)
59,117,tensor(29.1553)
59,118,tensor(29.1298)
11,21,tensor(25.8930)
11,22,tensor(24.5985)
60,119,tensor(29.0660)
60,120,tensor(29.0395)
12,23,tensor(25.9501)
12,24,tensor(24.1859)
61,121,tensor(28.9796)
61,122,tensor(28.9593)
13,25,tensor(25.2401)
13,26,tensor(23.8332)
62,123,tensor(28.9033)
62,124,tensor(28.8695)
14,27,tensor(24.7847)
14,28,tensor(23.3670)
63,125,tensor(28.8260)
63,126,tensor(28.7895)
15,29,tensor(24.6102)
15,30,tensor(23.1107)
64,127,tensor(28.7522)
64,128,tensor(28.7232)
16,31,tensor(24.3714)
16,32,tensor(22.8468)
65,129,tensor(28.6891)
65,130,tensor(28.6554)
17,33,tensor(23.9353)
17,34,tensor(22.5048)
66,131,tensor(28.6269)
66,132,tensor(28.5838)
18,35,tensor(23.7952)
18,36,tensor(22.3970)
67,133,tensor(28.5684)
67,134,tensor(28.5239)
19,37,tensor(23.5378)
19,38,tensor(22.0162)
68,135,tensor(28.5157)
68,136,tensor(28.4706)
20,39,tensor(23.2613)
20,40,tensor(21.6575)
69,137,tensor(28.4616)
69,138,tensor(28.4126)
21,41,tensor(23.0816)
21,42,tensor(21.4618)
70,139,tensor(28.4195)
70,140,tensor(28.3593)
71,141,tensor(28.3670)
71,142,tensor(28.3147)
22,43,tensor(22.7717)
22,44,tensor(21.1653)
72,143,tensor(28.3237)
72,144,tensor(28.2655)
23,45,tensor(22.5021)
23,46,tensor(20.9856)
73,145,tensor(28.2808)
73,146,tensor(28.2266)
24,47,tensor(22.3423)
24,48,tensor(20.7618)
74,147,tensor(28.2470)
74,148,tensor(28.1829)
25,49,tensor(22.1999)
25,50,tensor(20.4998)
75,149,tensor(28.2101)
75,150,tensor(28.1455)
26,51,tensor(21.9054)
26,52,tensor(20.2740)
76,151,tensor(28.1747)
76,152,tensor(28.1113)
27,53,tensor(21.7791)
27,54,tensor(20.0195)
77,153,tensor(28.1464)
77,154,tensor(28.0826)
78,155,tensor(28.1221)
78,156,tensor(28.0518)
1,1,tensor(47.2912)
1,2,tensor(56.3498)
2,3,tensor(58.5500)
2,4,tensor(30.8763)
3,5,tensor(32.9143)
3,6,tensor(29.4772)
4,7,tensor(32.6073)
4,8,tensor(28.4341)
5,9,tensor(28.1616)
5,10,tensor(28.5292)
6,11,tensor(29.7432)
6,12,tensor(28.2867)
7,13,tensor(29.3943)
7,14,tensor(27.2596)
8,15,tensor(28.4875)
8,16,tensor(27.2200)
9,17,tensor(27.0589)
9,18,tensor(26.8759)
10,19,tensor(27.3965)
10,20,tensor(26.1954)
11,21,tensor(27.2130)
11,22,tensor(25.4564)
12,23,tensor(26.8377)
12,24,tensor(25.3845)
13,25,tensor(26.4201)
13,26,tensor(25.1053)
14,27,tensor(26.2932)
14,28,tensor(24.9992)
15,29,tensor(25.9534)
15,30,tensor(25.1112)
16,31,tensor(25.8006)
16,32,tensor(24.7590)
17,33,tensor(25.7217)
17,34,tensor(24.4569)
18,35,tensor(25.4803)
18,36,tensor(24.1283)
19,37,tensor(25.3200)
19,38,tensor(23.9748)
20,39,tensor(25.1628)
20,40,tensor(23.8629)
21,41,tensor(25.0005)
21,42,tensor(23.7136)
22,43,tensor(24.7940)
22,44,tensor(23.5372)
23,45,tensor(24.6602)
23,46,tensor(23.3740)
24,47,tensor(24.5232)
24,48,tensor(23.1640)
25,49,tensor(24.3404)
25,50,tensor(22.9737)
26,51,tensor(24.1982)
26,52,tensor(22.8939)
27,53,tensor(24.0669)
27,54,tensor(22.7891)
28,55,tensor(23.8822)
28,56,tensor(22.5229)
29,57,tensor(23.7073)
29,58,tensor(22.3537)
30,59,tensor(23.6132)
30,60,tensor(22.2802)
31,61,tensor(23.4038)
31,62,tensor(22.1095)
32,63,tensor(23.3168)
32,64,tensor(21.9929)
1,1,tensor(47.1775)
1,2,tensor(66.2699)
2,3,tensor(45.7375)
2,4,tensor(39.0630)
3,5,tensor(34.8371)
3,6,tensor(33.5980)
4,7,tensor(30.7110)
4,8,tensor(31.8953)
5,9,tensor(29.0129)
5,10,tensor(28.9108)
6,11,tensor(30.3316)
6,12,tensor(28.1199)
7,13,tensor(30.4950)
7,14,tensor(28.2149)
8,15,tensor(29.0630)
8,16,tensor(27.6714)
9,17,tensor(28.9731)
9,18,tensor(27.0660)
10,19,tensor(27.9700)
10,20,tensor(27.0367)
11,21,tensor(27.8013)
11,22,tensor(26.3136)
12,23,tensor(27.4021)
12,24,tensor(26.1385)
13,25,tensor(26.9756)
13,26,tensor(25.8909)
14,27,tensor(26.6990)
14,28,tensor(25.7387)
1,1,tensor(47.1383)
1,2,tensor(64.0578)
15,29,tensor(26.8038)
15,30,tensor(25.2460)
2,3,tensor(49.7321)
2,4,tensor(33.2616)
16,31,tensor(26.3856)
16,32,tensor(25.1209)
3,5,tensor(33.2251)
3,6,tensor(30.4126)
17,33,tensor(26.2040)
17,34,tensor(24.9483)
4,7,tensor(30.9791)
4,8,tensor(29.3445)
18,35,tensor(25.9349)
18,36,tensor(24.6843)
19,37,tensor(25.6567)
19,38,tensor(24.4302)
5,9,tensor(28.9145)
5,10,tensor(28.9469)
20,39,tensor(25.3854)
20,40,tensor(24.2519)
6,11,tensor(29.8993)
6,12,tensor(27.6479)
21,41,tensor(25.3615)
21,42,tensor(24.0239)
7,13,tensor(30.4511)
7,14,tensor(27.3987)
22,43,tensor(25.1606)
22,44,tensor(23.7737)
8,15,tensor(29.1424)
8,16,tensor(27.7391)
23,45,tensor(24.9401)
23,46,tensor(23.6292)
24,47,tensor(24.7460)
24,48,tensor(23.4106)
9,17,tensor(28.4426)
9,18,tensor(26.9418)
25,49,tensor(24.7170)
25,50,tensor(23.1871)
10,19,tensor(28.2872)
10,20,tensor(26.5014)
26,51,tensor(24.4029)
26,52,tensor(23.0558)
11,21,tensor(27.6821)
11,22,tensor(26.1766)
27,53,tensor(24.2253)
27,54,tensor(22.8458)
28,55,tensor(24.0701)
28,56,tensor(22.5981)
12,23,tensor(27.5446)
12,24,tensor(25.9934)
29,57,tensor(23.9037)
29,58,tensor(22.3984)
13,25,tensor(27.1258)
13,26,tensor(25.4629)
14,27,tensor(26.8362)
14,28,tensor(25.3331)
15,29,tensor(26.6252)
15,30,tensor(25.1600)
16,31,tensor(26.4021)
16,32,tensor(24.9096)
17,33,tensor(26.2062)
17,34,tensor(24.8458)
18,35,tensor(26.0463)
18,36,tensor(24.5195)
19,37,tensor(25.8199)
19,38,tensor(24.3757)
20,39,tensor(25.6360)
20,40,tensor(24.1051)
21,41,tensor(25.3876)
21,42,tensor(23.8681)
22,43,tensor(25.2129)
22,44,tensor(23.5976)
23,45,tensor(24.9393)
23,46,tensor(23.3925)
24,47,tensor(24.7861)
24,48,tensor(23.1047)
25,49,tensor(24.5288)
25,50,tensor(22.9115)
26,51,tensor(24.3552)
26,52,tensor(22.6331)
27,53,tensor(24.0827)
27,54,tensor(22.5659)
28,55,tensor(23.9558)
28,56,tensor(22.3472)
1,1,tensor(47.0725)
1,2,tensor(46.7809)
2,3,tensor(47.0620)
2,4,tensor(46.7728)
3,5,tensor(47.0606)
3,6,tensor(46.7638)
4,7,tensor(47.0451)
4,8,tensor(46.7610)
5,9,tensor(47.0419)
5,10,tensor(46.7503)
6,11,tensor(47.0324)
6,12,tensor(46.7455)
7,13,tensor(47.0265)
7,14,tensor(46.7333)
8,15,tensor(47.0145)
8,16,tensor(46.7270)
9,17,tensor(47.0098)
9,18,tensor(46.7168)
10,19,tensor(47.0031)
10,20,tensor(46.7122)
11,21,tensor(46.9967)
11,22,tensor(46.7052)
12,23,tensor(46.9853)
12,24,tensor(46.6938)
13,25,tensor(46.9812)
13,26,tensor(46.6878)
14,27,tensor(46.9716)
14,28,tensor(46.6854)
15,29,tensor(46.9621)
15,30,tensor(46.6773)
16,31,tensor(46.9562)
16,32,tensor(46.6643)
17,33,tensor(46.9482)
17,34,tensor(46.6556)
18,35,tensor(46.9438)
18,36,tensor(46.6517)
19,37,tensor(46.9345)
19,38,tensor(46.6403)
20,39,tensor(46.9277)
20,40,tensor(46.6331)
21,41,tensor(46.9212)
21,42,tensor(46.6266)
22,43,tensor(46.9108)
22,44,tensor(46.6169)
23,45,tensor(46.9072)
23,46,tensor(46.6109)
24,47,tensor(46.8995)
24,48,tensor(46.6014)
25,49,tensor(46.8844)
25,50,tensor(46.6000)
26,51,tensor(46.8791)
26,52,tensor(46.5882)
27,53,tensor(46.8755)
27,54,tensor(46.5816)
28,55,tensor(46.8658)
28,56,tensor(46.5696)
29,57,tensor(46.8515)
29,58,tensor(46.5600)
30,59,tensor(46.8479)
30,60,tensor(46.5561)
31,61,tensor(46.8392)
31,62,tensor(46.5523)
32,63,tensor(46.8306)
32,64,tensor(46.5324)
33,65,tensor(46.8226)
33,66,tensor(46.5326)
34,67,tensor(46.8145)
34,68,tensor(46.5236)
35,69,tensor(46.8048)
35,70,tensor(46.5110)
36,71,tensor(46.7984)
36,72,tensor(46.5031)
37,73,tensor(46.7852)
37,74,tensor(46.4945)
38,75,tensor(46.7812)
38,76,tensor(46.4847)
39,77,tensor(46.7746)
39,78,tensor(46.4744)
40,79,tensor(46.7640)
40,80,tensor(46.4666)
41,81,tensor(46.7570)
41,82,tensor(46.4552)
42,83,tensor(46.7430)
42,84,tensor(46.4534)
43,85,tensor(46.7343)
43,86,tensor(46.4407)
44,87,tensor(46.7252)
44,88,tensor(46.4242)
45,89,tensor(46.7164)
45,90,tensor(46.4217)
46,91,tensor(46.7090)
46,92,tensor(46.4107)
47,93,tensor(46.6993)
47,94,tensor(46.3973)
48,95,tensor(46.6896)
48,96,tensor(46.3953)
49,97,tensor(46.6821)
49,98,tensor(46.3799)
50,99,tensor(46.6720)
50,100,tensor(46.3757)
51,101,tensor(46.6609)
51,102,tensor(46.3641)
52,103,tensor(46.6520)
52,104,tensor(46.3540)
53,105,tensor(46.6362)
53,106,tensor(46.3398)
54,107,tensor(46.6295)
54,108,tensor(46.3335)
55,109,tensor(46.6142)
55,110,tensor(46.3229)
56,111,tensor(46.6084)
56,112,tensor(46.3135)
57,113,tensor(46.5988)
57,114,tensor(46.3055)
58,115,tensor(46.5899)
58,116,tensor(46.2955)
59,117,tensor(46.5777)
59,118,tensor(46.2783)
60,119,tensor(46.5667)
60,120,tensor(46.2709)
61,121,tensor(46.5564)
61,122,tensor(46.2574)
62,123,tensor(46.5474)
62,124,tensor(46.2462)
63,125,tensor(46.5382)
63,126,tensor(46.2343)
64,127,tensor(46.5273)
64,128,tensor(46.2234)
65,129,tensor(46.5160)
65,130,tensor(46.2102)
66,131,tensor(46.4948)
66,132,tensor(46.2101)
67,133,tensor(46.4843)
67,134,tensor(46.1860)
68,135,tensor(46.4716)
68,136,tensor(46.1766)
69,137,tensor(46.4628)
69,138,tensor(46.1632)
70,139,tensor(46.4546)
70,140,tensor(46.1443)
71,141,tensor(46.4365)
71,142,tensor(46.1382)
72,143,tensor(46.4311)
72,144,tensor(46.1244)
73,145,tensor(46.4128)
73,146,tensor(46.1104)
74,147,tensor(46.3983)
74,148,tensor(46.0918)
75,149,tensor(46.3895)
75,150,tensor(46.0829)
76,151,tensor(46.3711)
76,152,tensor(46.0702)
77,153,tensor(46.3517)
77,154,tensor(46.0468)
78,155,tensor(46.3533)
78,156,tensor(46.0490)
79,157,tensor(46.3397)
79,158,tensor(46.0251)
80,159,tensor(46.3187)
80,160,tensor(46.0011)
81,161,tensor(46.3051)
81,162,tensor(46.0027)
82,163,tensor(46.2944)
82,164,tensor(45.9708)
83,165,tensor(46.2740)
83,166,tensor(45.9695)
84,167,tensor(46.2598)
84,168,tensor(45.9501)
85,169,tensor(46.2463)
85,170,tensor(45.9333)
86,171,tensor(46.2259)
86,172,tensor(45.9133)
87,173,tensor(46.2083)
87,174,tensor(45.9020)
88,175,tensor(46.1920)
88,176,tensor(45.8906)
89,177,tensor(46.1865)
89,178,tensor(45.8818)
90,179,tensor(46.1623)
90,180,tensor(45.8532)
91,181,tensor(46.1356)
91,182,tensor(45.8255)
92,183,tensor(46.1334)
92,184,tensor(45.8185)
93,185,tensor(46.1071)
93,186,tensor(45.8112)
94,187,tensor(46.0883)
94,188,tensor(45.7921)
95,189,tensor(46.0664)
95,190,tensor(45.7562)
96,191,tensor(46.0560)
96,192,tensor(45.7373)
97,193,tensor(46.0309)
97,194,tensor(45.7186)
98,195,tensor(46.0175)
98,196,tensor(45.7160)
99,197,tensor(45.9980)
99,198,tensor(45.6805)
100,199,tensor(45.9833)
100,200,tensor(45.6706)
101,201,tensor(45.9511)
101,202,tensor(45.6497)
102,203,tensor(45.9329)
102,204,tensor(45.6145)
103,205,tensor(45.9204)
103,206,tensor(45.5992)
104,207,tensor(45.8953)
104,208,tensor(45.5714)
105,209,tensor(45.8629)
105,210,tensor(45.5670)
106,211,tensor(45.8566)
106,212,tensor(45.5433)
107,213,tensor(45.8284)
107,214,tensor(45.5205)
108,215,tensor(45.8140)
108,216,tensor(45.4975)
109,217,tensor(45.8002)
109,218,tensor(45.4818)
110,219,tensor(45.7646)
110,220,tensor(45.4529)
111,221,tensor(45.7537)
111,222,tensor(45.4353)
112,223,tensor(45.7205)
112,224,tensor(45.3919)
113,225,tensor(45.6965)
113,226,tensor(45.3933)
114,227,tensor(45.6756)
114,228,tensor(45.3474)
115,229,tensor(45.6282)
115,230,tensor(45.3223)
116,231,tensor(45.6064)
116,232,tensor(45.3028)
117,233,tensor(45.5959)
117,234,tensor(45.2711)
118,235,tensor(45.5650)
118,236,tensor(45.2655)
119,237,tensor(45.5551)
119,238,tensor(45.2180)
120,239,tensor(45.5261)
120,240,tensor(45.1994)
121,241,tensor(45.5035)
121,242,tensor(45.1676)
122,243,tensor(45.4594)
122,244,tensor(45.1153)
1,1,tensor(0.3859)
1,2,tensor(0.3914)
1,3,tensor(0.3711)
1,4,tensor(0.3696)
1,5,tensor(0.3879)
1,6,tensor(0.3915)
1,7,tensor(0.3891)
1,8,tensor(0.3802)
1,9,tensor(0.3817)
1,10,tensor(0.3828)
1,1,tensor(0.3873)
1,2,tensor(0.3690)
1,3,tensor(0.3635)
1,4,tensor(0.3496)
1,5,tensor(0.3831)
1,6,tensor(0.3743)
1,7,tensor(0.3821)
1,8,tensor(0.3821)
1,9,tensor(0.3635)
1,10,tensor(0.3714)
123,245,tensor(45.4457)
123,246,tensor(45.0990)
1,1,tensor(0.4181)
1,2,tensor(0.3938)
1,3,tensor(0.4154)
1,4,tensor(0.4021)
1,5,tensor(0.4163)
1,6,tensor(0.4030)
1,7,tensor(0.4160)
1,8,tensor(0.4285)
1,9,tensor(0.4084)
1,10,tensor(0.4054)
124,247,tensor(45.4235)
124,248,tensor(45.0945)
1,1,tensor(0.3618)
1,2,tensor(0.3833)
1,3,tensor(0.3662)
1,4,tensor(0.3589)
1,5,tensor(0.3658)
1,6,tensor(0.3696)
1,7,tensor(0.3863)
1,8,tensor(0.3704)
1,9,tensor(0.3707)
1,10,tensor(0.3609)
2,11,tensor(0.3766)
2,12,tensor(0.3794)
2,13,tensor(0.3826)
2,14,tensor(0.3891)
2,15,tensor(0.3772)
2,16,tensor(0.3839)
2,17,tensor(0.3736)
2,18,tensor(0.3838)
2,19,tensor(0.3942)
2,20,tensor(0.3904)
125,249,tensor(45.3888)
125,250,tensor(45.0490)
2,11,tensor(0.3711)
2,12,tensor(0.3690)
2,13,tensor(0.3705)
2,14,tensor(0.3755)
2,15,tensor(0.3648)
2,16,tensor(0.3745)
2,17,tensor(0.3644)
2,18,tensor(0.3688)
2,19,tensor(0.3839)
2,20,tensor(0.3833)
126,251,tensor(45.3520)
126,252,tensor(45.0218)
2,11,tensor(0.3981)
2,12,tensor(0.3920)
2,13,tensor(0.4154)
2,14,tensor(0.4225)
2,15,tensor(0.4177)
2,16,tensor(0.4136)
2,17,tensor(0.3960)
2,18,tensor(0.4222)
2,19,tensor(0.4140)
2,20,tensor(0.4162)
1,1,tensor(0.3751)
1,2,tensor(0.3734)
1,3,tensor(0.3815)
1,4,tensor(0.3532)
1,5,tensor(0.3814)
1,6,tensor(0.3594)
1,7,tensor(0.3759)
1,8,tensor(0.4030)
1,9,tensor(0.3717)
1,10,tensor(0.3708)
2,11,tensor(0.3393)
2,12,tensor(0.3592)
2,13,tensor(0.3791)
2,14,tensor(0.3833)
2,15,tensor(0.3757)
2,16,tensor(0.3781)
2,17,tensor(0.3516)
2,18,tensor(0.3717)
2,19,tensor(0.3802)
2,20,tensor(0.3778)
3,21,tensor(0.3885)
3,22,tensor(0.3779)
3,23,tensor(0.3774)
3,24,tensor(0.3799)
3,25,tensor(0.3818)
3,26,tensor(0.3983)
3,27,tensor(0.3878)
3,28,tensor(0.3831)
3,29,tensor(0.3706)
3,30,tensor(0.3859)
127,253,tensor(45.3270)
127,254,tensor(44.9943)
3,21,tensor(0.3658)
3,22,tensor(0.3754)
3,23,tensor(0.3802)
3,24,tensor(0.3468)
3,25,tensor(0.3844)
3,26,tensor(0.3626)
3,27,tensor(0.3746)
3,28,tensor(0.3909)
3,29,tensor(0.3846)
3,30,tensor(0.3601)
128,255,tensor(45.3049)
128,256,tensor(44.9752)
3,21,tensor(0.4133)
3,22,tensor(0.4085)
3,23,tensor(0.4127)
3,24,tensor(0.3959)
3,25,tensor(0.4150)
3,26,tensor(0.4170)
3,27,tensor(0.4173)
3,28,tensor(0.4063)
3,29,tensor(0.4035)
3,30,tensor(0.4180)
2,11,tensor(0.3601)
2,12,tensor(0.3610)
2,13,tensor(0.3763)
2,14,tensor(0.3946)
2,15,tensor(0.3721)
2,16,tensor(0.3674)
2,17,tensor(0.3501)
2,18,tensor(0.4076)
2,19,tensor(0.3621)
2,20,tensor(0.3953)
4,31,tensor(0.3706)
4,32,tensor(0.3803)
4,33,tensor(0.3807)
4,34,tensor(0.3859)
4,35,tensor(0.3881)
4,36,tensor(0.3859)
4,37,tensor(0.3751)
4,38,tensor(0.3991)
4,39,tensor(0.3773)
4,40,tensor(0.3880)
129,257,tensor(45.2586)
129,258,tensor(44.9231)
3,21,tensor(0.3831)
3,22,tensor(0.3732)
3,23,tensor(0.3598)
3,24,tensor(0.3587)
3,25,tensor(0.3607)
3,26,tensor(0.3775)
3,27,tensor(0.3650)
3,28,tensor(0.3671)
3,29,tensor(0.3681)
3,30,tensor(0.3819)
4,31,tensor(0.3665)
4,32,tensor(0.3695)
4,33,tensor(0.3576)
4,34,tensor(0.3856)
4,35,tensor(0.3722)
4,36,tensor(0.3751)
4,37,tensor(0.3908)
4,38,tensor(0.3598)
4,39,tensor(0.3829)
4,40,tensor(0.3649)
4,31,tensor(0.4147)
4,32,tensor(0.4042)
4,33,tensor(0.4105)
4,34,tensor(0.4014)
4,35,tensor(0.4141)
4,36,tensor(0.4207)
4,37,tensor(0.3961)
4,38,tensor(0.4165)
4,39,tensor(0.4188)
4,40,tensor(0.4094)
3,21,tensor(0.3813)
3,22,tensor(0.3798)
3,23,tensor(0.3703)
3,24,tensor(0.3567)
3,25,tensor(0.3764)
3,26,tensor(0.3788)
3,27,tensor(0.3649)
3,28,tensor(0.3859)
3,29,tensor(0.3703)
3,30,tensor(0.3815)
5,41,tensor(0.4028)
5,42,tensor(0.3606)
5,43,tensor(0.3748)
5,44,tensor(0.3687)
5,45,tensor(0.3998)
5,46,tensor(0.3747)
5,47,tensor(0.3936)
5,48,tensor(0.4023)
5,49,tensor(0.3786)
5,50,tensor(0.3749)
5,41,tensor(0.3767)
5,42,tensor(0.3736)
5,43,tensor(0.3784)
5,44,tensor(0.3461)
5,45,tensor(0.3769)
5,46,tensor(0.3742)
5,47,tensor(0.3735)
5,48,tensor(0.3586)
5,49,tensor(0.3782)
5,50,tensor(0.3902)
4,31,tensor(0.3737)
4,32,tensor(0.3698)
4,33,tensor(0.3626)
4,34,tensor(0.3581)
4,35,tensor(0.3722)
4,36,tensor(0.3725)
4,37,tensor(0.3523)
4,38,tensor(0.3830)
4,39,tensor(0.3657)
4,40,tensor(0.3860)
131,261,tensor(45.2073)
131,262,tensor(44.8786)
4,31,tensor(0.3727)
4,32,tensor(0.3659)
4,33,tensor(0.3788)
4,34,tensor(0.3573)
4,35,tensor(0.3898)
4,36,tensor(0.3783)
4,37,tensor(0.3804)
4,38,tensor(0.3895)
4,39,tensor(0.3791)
4,40,tensor(0.3520)
5,41,tensor(0.4268)
5,42,tensor(0.3962)
5,43,tensor(0.4110)
5,44,tensor(0.3876)
5,45,tensor(0.4241)
5,46,tensor(0.3996)
5,47,tensor(0.4059)
5,48,tensor(0.4280)
5,49,tensor(0.4173)
5,50,tensor(0.4105)
132,263,tensor(45.1628)
132,264,tensor(44.8340)
6,51,tensor(0.3810)
6,52,tensor(0.3880)
6,53,tensor(0.3641)
6,54,tensor(0.3800)
6,55,tensor(0.3926)
6,56,tensor(0.3830)
6,57,tensor(0.3949)
6,58,tensor(0.3731)
6,59,tensor(0.3890)
6,60,tensor(0.3847)
6,51,tensor(0.3903)
6,52,tensor(0.3639)
6,53,tensor(0.3751)
6,54,tensor(0.3705)
6,55,tensor(0.3496)
6,56,tensor(0.3720)
6,57,tensor(0.3542)
6,58,tensor(0.3637)
6,59,tensor(0.3789)
6,60,tensor(0.4069)
5,41,tensor(0.3961)
5,42,tensor(0.3419)
5,43,tensor(0.3792)
5,44,tensor(0.3621)
5,45,tensor(0.3556)
5,46,tensor(0.3593)
5,47,tensor(0.3749)
5,48,tensor(0.3777)
5,49,tensor(0.3709)
5,50,tensor(0.3756)
133,265,tensor(45.1131)
133,266,tensor(44.8096)
5,41,tensor(0.3785)
5,42,tensor(0.3727)
5,43,tensor(0.3704)
5,44,tensor(0.3647)
5,45,tensor(0.3776)
5,46,tensor(0.3728)
5,47,tensor(0.3535)
5,48,tensor(0.3899)
5,49,tensor(0.3934)
5,50,tensor(0.3709)
6,51,tensor(0.4138)
6,52,tensor(0.4154)
6,53,tensor(0.3963)
6,54,tensor(0.3996)
6,55,tensor(0.4200)
6,56,tensor(0.4173)
6,57,tensor(0.3981)
6,58,tensor(0.4192)
6,59,tensor(0.4172)
6,60,tensor(0.4091)
134,267,tensor(45.1235)
134,268,tensor(44.7517)
7,61,tensor(0.3817)
7,62,tensor(0.3864)
7,63,tensor(0.3809)
7,64,tensor(0.3833)
7,65,tensor(0.3719)
7,66,tensor(0.3841)
7,67,tensor(0.3727)
7,68,tensor(0.3835)
7,69,tensor(0.3851)
7,70,tensor(0.4008)
7,61,tensor(0.3856)
7,62,tensor(0.3748)
7,63,tensor(0.3578)
7,64,tensor(0.3708)
7,65,tensor(0.3615)
7,66,tensor(0.3820)
7,67,tensor(0.3753)
7,68,tensor(0.3771)
7,69,tensor(0.3647)
7,70,tensor(0.3748)
6,51,tensor(0.3775)
6,52,tensor(0.3579)
6,53,tensor(0.3662)
6,54,tensor(0.3756)
6,55,tensor(0.3580)
6,56,tensor(0.3836)
6,57,tensor(0.3812)
6,58,tensor(0.3540)
6,59,tensor(0.3803)
6,60,tensor(0.3579)
135,269,tensor(45.0694)
135,270,tensor(44.7502)
6,51,tensor(0.3724)
6,52,tensor(0.3766)
6,53,tensor(0.3763)
6,54,tensor(0.3753)
6,55,tensor(0.3623)
6,56,tensor(0.3885)
6,57,tensor(0.3579)
6,58,tensor(0.3722)
6,59,tensor(0.3841)
6,60,tensor(0.3784)
7,61,tensor(0.4219)
7,62,tensor(0.4045)
7,63,tensor(0.3914)
7,64,tensor(0.4217)
7,65,tensor(0.4045)
7,66,tensor(0.3931)
7,67,tensor(0.4153)
7,68,tensor(0.4162)
7,69,tensor(0.4171)
7,70,tensor(0.4202)
8,71,tensor(0.3851)
8,72,tensor(0.3639)
8,73,tensor(0.3947)
8,74,tensor(0.3841)
8,75,tensor(0.3768)
8,76,tensor(0.3870)
8,77,tensor(0.3815)
8,78,tensor(0.3770)
8,79,tensor(0.3979)
8,80,tensor(0.3811)
136,271,tensor(45.0457)
136,272,tensor(44.7130)
8,71,tensor(0.3651)
8,72,tensor(0.3612)
8,73,tensor(0.3771)
8,74,tensor(0.3704)
8,75,tensor(0.3777)
8,76,tensor(0.3657)
8,77,tensor(0.3702)
8,78,tensor(0.3751)
8,79,tensor(0.3935)
8,80,tensor(0.3684)
7,61,tensor(0.3688)
7,62,tensor(0.3668)
7,63,tensor(0.3660)
7,64,tensor(0.3657)
7,65,tensor(0.3685)
7,66,tensor(0.3649)
7,67,tensor(0.3754)
7,68,tensor(0.3658)
7,69,tensor(0.3671)
7,70,tensor(0.3861)
7,61,tensor(0.3780)
7,62,tensor(0.3721)
7,63,tensor(0.3560)
7,64,tensor(0.3911)
7,65,tensor(0.3657)
7,66,tensor(0.3697)
7,67,tensor(0.3737)
7,68,tensor(0.3601)
7,69,tensor(0.3747)
7,70,tensor(0.4046)
8,71,tensor(0.4050)
8,72,tensor(0.4042)
8,73,tensor(0.4151)
8,74,tensor(0.4094)
8,75,tensor(0.4104)
8,76,tensor(0.4023)
8,77,tensor(0.4386)
8,78,tensor(0.3996)
8,79,tensor(0.4147)
8,80,tensor(0.4054)
137,273,tensor(45.0177)
137,274,tensor(44.6767)
9,81,tensor(0.3800)
9,82,tensor(0.3899)
9,83,tensor(0.3844)
9,84,tensor(0.3792)
9,85,tensor(0.3705)
9,86,tensor(0.3720)
9,87,tensor(0.3923)
9,88,tensor(0.3921)
9,89,tensor(0.4047)
9,90,tensor(0.3618)
9,81,tensor(0.3706)
9,82,tensor(0.3665)
9,83,tensor(0.3637)
9,84,tensor(0.3676)
9,85,tensor(0.3830)
9,86,tensor(0.3720)
9,87,tensor(0.3546)
9,88,tensor(0.3870)
9,89,tensor(0.3936)
9,90,tensor(0.3652)
8,71,tensor(0.3869)
8,72,tensor(0.3374)
8,73,tensor(0.3777)
8,74,tensor(0.3687)
8,75,tensor(0.3647)
8,76,tensor(0.3687)
8,77,tensor(0.3793)
8,78,tensor(0.3564)
8,79,tensor(0.3758)
8,80,tensor(0.3783)
8,71,tensor(0.3849)
8,72,tensor(0.3638)
8,73,tensor(0.3680)
8,74,tensor(0.3492)
8,75,tensor(0.3992)
8,76,tensor(0.3653)
8,77,tensor(0.3969)
8,78,tensor(0.3662)
8,79,tensor(0.3787)
8,80,tensor(0.3736)
9,81,tensor(0.4126)
9,82,tensor(0.4148)
9,83,tensor(0.3921)
9,84,tensor(0.4172)
9,85,tensor(0.4071)
9,86,tensor(0.3991)
9,87,tensor(0.4097)
9,88,tensor(0.4304)
9,89,tensor(0.4238)
9,90,tensor(0.3962)
139,277,tensor(44.9704)
139,278,tensor(44.5841)
10,91,tensor(0.3743)
10,92,tensor(0.3737)
10,93,tensor(0.3759)
10,94,tensor(0.3957)
10,95,tensor(0.3852)
10,96,tensor(0.3747)
10,97,tensor(0.3943)
10,98,tensor(0.3886)
10,99,tensor(0.3806)
10,100,tensor(0.3862)
10,91,tensor(0.3605)
10,92,tensor(0.3845)
10,93,tensor(0.3711)
10,94,tensor(0.3754)
10,95,tensor(0.3581)
10,96,tensor(0.3897)
10,97,tensor(0.3662)
10,98,tensor(0.3677)
10,99,tensor(0.3772)
10,100,tensor(0.3719)
140,279,tensor(44.8961)
140,280,tensor(44.5490)
9,81,tensor(0.3657)
9,82,tensor(0.3576)
9,83,tensor(0.3738)
9,84,tensor(0.3683)
9,85,tensor(0.3700)
9,86,tensor(0.3601)
9,87,tensor(0.3616)
9,88,tensor(0.3843)
9,89,tensor(0.3785)
9,90,tensor(0.3735)
9,81,tensor(0.3762)
9,82,tensor(0.3692)
9,83,tensor(0.3606)
9,84,tensor(0.3780)
9,85,tensor(0.3799)
9,86,tensor(0.3521)
9,87,tensor(0.3677)
9,88,tensor(0.3862)
9,89,tensor(0.3987)
9,90,tensor(0.3755)
10,91,tensor(0.4096)
10,92,tensor(0.4066)
10,93,tensor(0.4128)
10,94,tensor(0.4043)
10,95,tensor(0.4108)
10,96,tensor(0.4246)
10,97,tensor(0.4048)
10,98,tensor(0.4038)
10,99,tensor(0.4120)
10,100,tensor(0.4160)
11,101,tensor(0.3856)
11,102,tensor(0.3579)
11,103,tensor(0.3852)
11,104,tensor(0.3938)
11,105,tensor(0.3822)
11,106,tensor(0.3579)
11,107,tensor(0.3948)
11,108,tensor(0.3793)
11,109,tensor(0.3997)
11,110,tensor(0.3932)
11,101,tensor(0.3582)
11,102,tensor(0.3757)
11,103,tensor(0.3670)
11,104,tensor(0.3834)
11,105,tensor(0.3661)
11,106,tensor(0.3746)
11,107,tensor(0.3822)
11,108,tensor(0.3633)
11,109,tensor(0.3707)
11,110,tensor(0.3827)
10,91,tensor(0.3685)
10,92,tensor(0.3642)
10,93,tensor(0.3573)
10,94,tensor(0.3776)
10,95,tensor(0.3678)
10,96,tensor(0.3673)
10,97,tensor(0.3706)
10,98,tensor(0.3659)
10,99,tensor(0.3799)
10,100,tensor(0.3742)
11,101,tensor(0.4175)
11,102,tensor(0.4009)
11,103,tensor(0.4146)
11,104,tensor(0.4121)
11,105,tensor(0.3983)
11,106,tensor(0.3952)
11,107,tensor(0.4187)
11,108,tensor(0.4129)
11,109,tensor(0.4099)
11,110,tensor(0.4247)
10,91,tensor(0.3639)
10,92,tensor(0.3848)
10,93,tensor(0.3757)
10,94,tensor(0.3654)
10,95,tensor(0.3735)
10,96,tensor(0.3993)
10,97,tensor(0.3742)
10,98,tensor(0.3666)
10,99,tensor(0.3781)
10,100,tensor(0.3611)
143,285,tensor(44.7809)
143,286,tensor(44.4698)
11,101,tensor(0.3807)
11,102,tensor(0.3524)
11,103,tensor(0.3659)
11,104,tensor(0.3755)
11,105,tensor(0.3604)
11,106,tensor(0.3499)
11,107,tensor(0.3857)
11,108,tensor(0.3653)
11,109,tensor(0.3637)
11,110,tensor(0.3946)
11,101,tensor(0.3718)
11,102,tensor(0.3709)
11,103,tensor(0.3814)
11,104,tensor(0.3760)
11,105,tensor(0.3625)
11,106,tensor(0.3653)
11,107,tensor(0.3801)
11,108,tensor(0.3834)
11,109,tensor(0.3814)
11,110,tensor(0.3693)
144,287,tensor(44.7707)
144,288,tensor(44.3988)
145,289,tensor(44.7181)
145,290,tensor(44.3652)
146,291,tensor(44.6616)
146,292,tensor(44.3398)
147,293,tensor(44.6399)
147,294,tensor(44.2750)
148,295,tensor(44.5994)
148,296,tensor(44.2385)
149,297,tensor(44.6131)
149,298,tensor(44.2177)
150,299,tensor(44.5373)
150,300,tensor(44.1580)
151,301,tensor(44.4739)
151,302,tensor(44.1204)
152,303,tensor(44.4529)
152,304,tensor(44.0965)
153,305,tensor(44.4319)
153,306,tensor(44.0631)
154,307,tensor(44.3680)
154,308,tensor(43.9833)
155,309,tensor(44.3450)
155,310,tensor(43.9913)
156,311,tensor(44.2693)
156,312,tensor(43.8707)
157,313,tensor(44.2600)
157,314,tensor(43.8847)
158,315,tensor(44.1965)
158,316,tensor(43.8567)
159,317,tensor(44.1694)
159,318,tensor(43.7779)
160,319,tensor(44.0795)
160,320,tensor(43.7453)
161,321,tensor(44.0611)
161,322,tensor(43.6785)
162,323,tensor(44.0575)
162,324,tensor(43.6295)
163,325,tensor(43.9856)
163,326,tensor(43.6160)
164,327,tensor(43.9424)
164,328,tensor(43.6094)
165,329,tensor(43.9035)
165,330,tensor(43.5156)
166,331,tensor(43.8280)
166,332,tensor(43.4987)
167,333,tensor(43.7914)
167,334,tensor(43.4098)
168,335,tensor(43.7406)
168,336,tensor(43.4316)
169,337,tensor(43.6737)
169,338,tensor(43.3307)
170,339,tensor(43.6695)
170,340,tensor(43.2934)
171,341,tensor(43.6958)
171,342,tensor(43.2436)
172,343,tensor(43.5557)
172,344,tensor(43.2010)
173,345,tensor(43.5456)
173,346,tensor(43.1237)
174,347,tensor(43.4302)
174,348,tensor(43.0800)
175,349,tensor(43.4186)
175,350,tensor(43.0634)
176,351,tensor(43.3923)
176,352,tensor(43.0061)
177,353,tensor(43.3337)
177,354,tensor(42.9373)
178,355,tensor(43.3075)
178,356,tensor(42.9221)
179,357,tensor(43.2593)
179,358,tensor(42.8455)
180,359,tensor(43.1679)
180,360,tensor(42.7955)
181,361,tensor(43.1597)
181,362,tensor(42.7963)
182,363,tensor(43.1151)
182,364,tensor(42.6965)
183,365,tensor(43.0498)
183,366,tensor(42.6543)
184,367,tensor(43.0095)
184,368,tensor(42.5739)
185,369,tensor(42.9238)
185,370,tensor(42.5227)
186,371,tensor(42.8872)
186,372,tensor(42.4834)
187,373,tensor(42.8626)
187,374,tensor(42.4170)
188,375,tensor(42.7893)
188,376,tensor(42.4009)
189,377,tensor(42.7364)
189,378,tensor(42.3197)
190,379,tensor(42.6877)
190,380,tensor(42.2680)
191,381,tensor(42.6340)
191,382,tensor(42.2254)
192,383,tensor(42.5415)
192,384,tensor(42.2077)
193,385,tensor(42.4774)
193,386,tensor(42.1168)
194,387,tensor(42.5306)
194,388,tensor(42.0640)
195,389,tensor(42.4653)
195,390,tensor(42.0451)
196,391,tensor(42.3288)
196,392,tensor(41.9337)
197,393,tensor(42.3074)
197,394,tensor(41.9275)
198,395,tensor(42.2313)
198,396,tensor(41.8613)
199,397,tensor(42.2518)
199,398,tensor(41.7942)
200,399,tensor(42.1580)
200,400,tensor(41.7315)
201,401,tensor(42.1093)
201,402,tensor(41.7664)
202,403,tensor(42.0900)
202,404,tensor(41.6823)
203,405,tensor(41.9992)
203,406,tensor(41.6348)
204,407,tensor(41.9952)
204,408,tensor(41.5530)
205,409,tensor(41.8829)
205,410,tensor(41.4847)
206,411,tensor(41.8378)
206,412,tensor(41.4205)
207,413,tensor(41.8121)
207,414,tensor(41.3730)
208,415,tensor(41.6676)
208,416,tensor(41.3452)
209,417,tensor(41.6889)
209,418,tensor(41.2912)
210,419,tensor(41.6452)
210,420,tensor(41.2382)
211,421,tensor(41.6599)
211,422,tensor(41.1552)
212,423,tensor(41.4957)
212,424,tensor(41.1541)
213,425,tensor(41.5059)
213,426,tensor(41.0604)
214,427,tensor(41.4528)
214,428,tensor(41.0616)
215,429,tensor(41.3453)
215,430,tensor(40.9731)
216,431,tensor(41.3471)
216,432,tensor(40.8855)
217,433,tensor(41.2642)
217,434,tensor(40.8629)
218,435,tensor(41.2361)
218,436,tensor(40.8120)
219,437,tensor(41.1801)
219,438,tensor(40.7359)
220,439,tensor(41.0820)
220,440,tensor(40.6659)
221,441,tensor(41.0591)
221,442,tensor(40.6515)
222,443,tensor(41.0113)
222,444,tensor(40.5853)
223,445,tensor(40.9847)
223,446,tensor(40.5189)
224,447,tensor(40.8783)
224,448,tensor(40.4814)
225,449,tensor(40.9256)
225,450,tensor(40.3965)
226,451,tensor(40.8084)
226,452,tensor(40.3641)
227,453,tensor(40.7151)
227,454,tensor(40.2939)
228,455,tensor(40.6869)
228,456,tensor(40.2419)
229,457,tensor(40.6789)
229,458,tensor(40.1835)
230,459,tensor(40.6125)
230,460,tensor(40.1442)
231,461,tensor(40.5125)
231,462,tensor(40.1393)
232,463,tensor(40.4629)
232,464,tensor(40.0990)
233,465,tensor(40.4828)
233,466,tensor(40.0030)
234,467,tensor(40.4308)
234,468,tensor(39.9628)
235,469,tensor(40.3500)
235,470,tensor(39.9134)
236,471,tensor(40.3172)
236,472,tensor(39.8056)
237,473,tensor(40.3074)
237,474,tensor(39.7917)
238,475,tensor(40.1513)
238,476,tensor(39.7352)
239,477,tensor(40.1806)
239,478,tensor(39.7004)
240,479,tensor(40.0701)
240,480,tensor(39.5846)
241,481,tensor(40.0761)
241,482,tensor(39.5559)
242,483,tensor(40.0363)
242,484,tensor(39.4878)
243,485,tensor(39.9246)
243,486,tensor(39.4859)
244,487,tensor(39.8800)
244,488,tensor(39.4429)
245,489,tensor(39.8365)
245,490,tensor(39.3909)
246,491,tensor(39.7710)
246,492,tensor(39.2977)
247,493,tensor(39.7417)
247,494,tensor(39.2915)
248,495,tensor(39.6728)
248,496,tensor(39.2401)
249,497,tensor(39.6480)
249,498,tensor(39.1678)
250,499,tensor(39.5627)
250,500,tensor(39.1279)
251,501,tensor(39.5079)
251,502,tensor(39.0813)
252,503,tensor(39.5011)
252,504,tensor(39.0754)
253,505,tensor(39.4179)
253,506,tensor(38.9612)
254,507,tensor(39.3753)
254,508,tensor(38.9031)
255,509,tensor(39.3515)
255,510,tensor(38.8308)
256,511,tensor(39.3127)
256,512,tensor(38.8571)
257,513,tensor(39.2448)
257,514,tensor(38.7484)
258,515,tensor(39.1882)
258,516,tensor(38.6894)
259,517,tensor(39.2022)
259,518,tensor(38.7331)
260,519,tensor(39.0870)
260,520,tensor(38.6253)
261,521,tensor(39.1009)
261,522,tensor(38.6301)
262,523,tensor(39.0246)
262,524,tensor(38.5573)
263,525,tensor(38.9240)
263,526,tensor(38.4546)
264,527,tensor(38.9044)
264,528,tensor(38.4434)
265,529,tensor(38.8662)
265,530,tensor(38.4429)
266,531,tensor(38.8458)
266,532,tensor(38.3355)
267,533,tensor(38.8484)
267,534,tensor(38.2737)
268,535,tensor(38.7640)
268,536,tensor(38.2820)
269,537,tensor(38.7025)
269,538,tensor(38.2309)
270,539,tensor(38.6656)
270,540,tensor(38.1687)
271,541,tensor(38.6493)
271,542,tensor(38.1314)
272,543,tensor(38.5500)
272,544,tensor(38.1200)
273,545,tensor(38.5439)
273,546,tensor(37.9912)
274,547,tensor(38.4724)
274,548,tensor(37.9781)
275,549,tensor(38.4699)
275,550,tensor(37.9610)
276,551,tensor(38.3569)
276,552,tensor(37.8899)
277,553,tensor(38.3620)
277,554,tensor(37.8542)
278,555,tensor(38.3179)
278,556,tensor(37.7130)
279,557,tensor(38.2670)
279,558,tensor(37.7002)
280,559,tensor(38.2139)
280,560,tensor(37.7314)
281,561,tensor(38.1874)
281,562,tensor(37.6355)
282,563,tensor(38.1119)
282,564,tensor(37.6010)
283,565,tensor(38.0724)
283,566,tensor(37.5343)
284,567,tensor(38.0896)
284,568,tensor(37.5256)
285,569,tensor(38.0143)
285,570,tensor(37.4808)
286,571,tensor(37.9758)
286,572,tensor(37.3985)
287,573,tensor(37.9223)
287,574,tensor(37.4140)
288,575,tensor(37.8500)
288,576,tensor(37.3356)
289,577,tensor(37.8615)
289,578,tensor(37.3078)
290,579,tensor(37.7532)
290,580,tensor(37.2796)
291,581,tensor(37.7415)
291,582,tensor(37.2978)
292,583,tensor(37.7040)
292,584,tensor(37.1691)
293,585,tensor(37.6940)
293,586,tensor(37.1414)
294,587,tensor(37.6436)
294,588,tensor(37.1292)
295,589,tensor(37.5878)
295,590,tensor(37.0491)
296,591,tensor(37.5774)
296,592,tensor(37.0034)
297,593,tensor(37.5281)
297,594,tensor(36.9437)
298,595,tensor(37.4267)
298,596,tensor(36.8835)
299,597,tensor(37.4486)
299,598,tensor(36.8901)
300,599,tensor(37.4171)
300,600,tensor(36.8187)
301,601,tensor(37.3393)
301,602,tensor(36.7898)
302,603,tensor(37.3088)
302,604,tensor(36.7563)
303,605,tensor(37.2997)
303,606,tensor(36.6946)
304,607,tensor(37.2082)
304,608,tensor(36.6891)
305,609,tensor(37.2204)
305,610,tensor(36.6646)
306,611,tensor(37.1229)
306,612,tensor(36.6079)
307,613,tensor(37.1393)
307,614,tensor(36.5786)
308,615,tensor(37.0737)
308,616,tensor(36.4846)
309,617,tensor(37.0499)
309,618,tensor(36.5050)
310,619,tensor(36.9438)
310,620,tensor(36.4348)
311,621,tensor(36.9724)
311,622,tensor(36.3908)
312,623,tensor(36.9023)
312,624,tensor(36.3528)
313,625,tensor(36.8839)
313,626,tensor(36.2898)
314,627,tensor(36.8419)
314,628,tensor(36.2964)
315,629,tensor(36.8312)
315,630,tensor(36.2473)
316,631,tensor(36.7962)
316,632,tensor(36.1824)
317,633,tensor(36.7236)
317,634,tensor(36.1555)
318,635,tensor(36.7059)
318,636,tensor(36.1462)
319,637,tensor(36.6643)
319,638,tensor(36.0545)
320,639,tensor(36.6304)
320,640,tensor(36.0762)
321,641,tensor(36.5399)
321,642,tensor(35.9901)
322,643,tensor(36.5171)
322,644,tensor(35.9391)
323,645,tensor(36.4738)
323,646,tensor(35.9589)
324,647,tensor(36.4578)
324,648,tensor(35.8806)
325,649,tensor(36.4452)
325,650,tensor(35.8414)
326,651,tensor(36.3928)
326,652,tensor(35.8370)
327,653,tensor(36.3317)
327,654,tensor(35.7601)
328,655,tensor(36.3310)
328,656,tensor(35.7420)
329,657,tensor(36.2436)
329,658,tensor(35.7309)
330,659,tensor(36.2130)
330,660,tensor(35.6631)
331,661,tensor(36.1973)
331,662,tensor(35.6431)
332,663,tensor(36.1697)
332,664,tensor(35.5907)
333,665,tensor(36.1791)
333,666,tensor(35.5807)
334,667,tensor(36.0903)
334,668,tensor(35.5186)
335,669,tensor(36.1101)
335,670,tensor(35.4868)
336,671,tensor(36.0323)
336,672,tensor(35.4713)
337,673,tensor(36.0355)
337,674,tensor(35.3857)
338,675,tensor(35.9531)
338,676,tensor(35.3919)
339,677,tensor(35.9027)
339,678,tensor(35.3113)
340,679,tensor(35.8771)
340,680,tensor(35.3260)
341,681,tensor(35.8400)
341,682,tensor(35.2206)
342,683,tensor(35.7913)
342,684,tensor(35.1856)
343,685,tensor(35.7465)
343,686,tensor(35.1788)
344,687,tensor(35.7396)
344,688,tensor(35.1293)
345,689,tensor(35.7301)
345,690,tensor(35.1351)
346,691,tensor(35.6520)
346,692,tensor(35.0608)
347,693,tensor(35.6469)
347,694,tensor(35.0950)
348,695,tensor(35.5832)
348,696,tensor(34.9781)
349,697,tensor(35.5486)
349,698,tensor(34.9916)
350,699,tensor(35.5041)
350,700,tensor(34.9525)
351,701,tensor(35.5286)
351,702,tensor(34.9168)
352,703,tensor(35.4499)
352,704,tensor(34.8716)
353,705,tensor(35.4242)
353,706,tensor(34.8004)
354,707,tensor(35.3951)
354,708,tensor(34.8224)
355,709,tensor(35.3611)
355,710,tensor(34.8046)
356,711,tensor(35.3333)
356,712,tensor(34.6981)
357,713,tensor(35.2894)
357,714,tensor(34.7500)
358,715,tensor(35.2846)
358,716,tensor(34.6521)
359,717,tensor(35.1992)
359,718,tensor(34.5856)
360,719,tensor(35.1769)
360,720,tensor(34.5980)
361,721,tensor(35.1668)
361,722,tensor(34.5586)
362,723,tensor(35.1443)
362,724,tensor(34.5146)
363,725,tensor(35.1250)
363,726,tensor(34.4456)
364,727,tensor(35.1029)
364,728,tensor(34.4880)
365,729,tensor(35.0548)
365,730,tensor(34.3970)
366,731,tensor(35.0988)
366,732,tensor(34.3731)
367,733,tensor(34.9653)
367,734,tensor(34.3615)
368,735,tensor(34.9436)
368,736,tensor(34.3342)
369,737,tensor(34.8861)
369,738,tensor(34.2929)
370,739,tensor(34.8712)
370,740,tensor(34.2493)
371,741,tensor(34.8434)
371,742,tensor(34.1675)
372,743,tensor(34.8346)
372,744,tensor(34.2149)
373,745,tensor(34.7743)
373,746,tensor(34.1711)
374,747,tensor(34.7624)
374,748,tensor(34.0982)
375,749,tensor(34.6913)
375,750,tensor(34.0938)
376,751,tensor(34.6717)
376,752,tensor(34.0377)
377,753,tensor(34.6776)
377,754,tensor(34.0691)
378,755,tensor(34.6188)
378,756,tensor(34.0092)
379,757,tensor(34.6184)
379,758,tensor(33.9455)
380,759,tensor(34.5420)
380,760,tensor(33.9271)
381,761,tensor(34.5769)
381,762,tensor(33.8627)
382,763,tensor(34.5018)
382,764,tensor(33.8687)
383,765,tensor(34.4562)
383,766,tensor(33.8038)
384,767,tensor(34.4629)
384,768,tensor(33.7938)
385,769,tensor(34.3972)
385,770,tensor(33.7592)
386,771,tensor(34.3667)
386,772,tensor(33.6983)
387,773,tensor(34.3310)
387,774,tensor(33.7096)
388,775,tensor(34.3240)
388,776,tensor(33.7093)
389,777,tensor(34.3185)
389,778,tensor(33.6453)
390,779,tensor(34.2271)
390,780,tensor(33.6101)
391,781,tensor(34.2322)
391,782,tensor(33.5293)
392,783,tensor(34.1984)
392,784,tensor(33.4991)
393,785,tensor(34.1559)
393,786,tensor(33.5247)
394,787,tensor(34.1377)
394,788,tensor(33.5181)
395,789,tensor(34.1078)
395,790,tensor(33.4380)
396,791,tensor(34.0560)
396,792,tensor(33.4579)
397,793,tensor(34.0537)
397,794,tensor(33.3828)
398,795,tensor(34.0113)
398,796,tensor(33.4075)
399,797,tensor(33.9926)
399,798,tensor(33.3074)
400,799,tensor(33.9438)
400,800,tensor(33.3192)
401,801,tensor(33.9293)
401,802,tensor(33.2810)
402,803,tensor(33.8924)
402,804,tensor(33.2433)
403,805,tensor(33.8912)
403,806,tensor(33.1994)
404,807,tensor(33.8698)
404,808,tensor(33.1973)
405,809,tensor(33.8261)
405,810,tensor(33.1739)
406,811,tensor(33.8211)
406,812,tensor(33.1144)
407,813,tensor(33.7964)
407,814,tensor(33.0939)
408,815,tensor(33.7481)
408,816,tensor(33.0756)
409,817,tensor(33.7508)
409,818,tensor(33.0736)
410,819,tensor(33.6547)
410,820,tensor(33.0535)
411,821,tensor(33.7430)
411,822,tensor(32.9597)
412,823,tensor(33.6144)
412,824,tensor(32.9465)
413,825,tensor(33.6072)
413,826,tensor(32.9487)
414,827,tensor(33.5840)
414,828,tensor(32.8907)
415,829,tensor(33.5642)
415,830,tensor(32.8732)
416,831,tensor(33.4662)
416,832,tensor(32.8284)
417,833,tensor(33.4821)
417,834,tensor(32.8519)
418,835,tensor(33.4905)
418,836,tensor(32.7787)
419,837,tensor(33.4202)
419,838,tensor(32.7186)
420,839,tensor(33.4614)
420,840,tensor(32.7600)
421,841,tensor(33.3649)
421,842,tensor(32.6723)
422,843,tensor(33.3611)
422,844,tensor(32.6630)
423,845,tensor(33.3101)
423,846,tensor(32.6401)
424,847,tensor(33.3187)
424,848,tensor(32.5934)
425,849,tensor(33.2734)
425,850,tensor(32.6045)
426,851,tensor(33.2704)
426,852,tensor(32.5364)
427,853,tensor(33.2181)
427,854,tensor(32.5091)
428,855,tensor(33.1591)
428,856,tensor(32.4827)
429,857,tensor(33.1516)
429,858,tensor(32.4848)
430,859,tensor(33.1494)
430,860,tensor(32.4694)
431,861,tensor(33.1118)
431,862,tensor(32.4511)
432,863,tensor(33.1157)
432,864,tensor(32.3840)
433,865,tensor(33.0790)
433,866,tensor(32.3772)
434,867,tensor(33.0378)
434,868,tensor(32.3381)
435,869,tensor(33.0666)
435,870,tensor(32.3128)
436,871,tensor(33.0099)
436,872,tensor(32.3293)
437,873,tensor(32.9474)
437,874,tensor(32.2473)
438,875,tensor(32.9166)
438,876,tensor(32.2859)
439,877,tensor(32.8889)
439,878,tensor(32.2155)
440,879,tensor(32.8446)
440,880,tensor(32.1691)
441,881,tensor(32.8817)
441,882,tensor(32.1340)
442,883,tensor(32.8165)
442,884,tensor(32.1228)
443,885,tensor(32.7826)
443,886,tensor(32.0902)
444,887,tensor(32.7524)
444,888,tensor(32.0333)
445,889,tensor(32.7343)
445,890,tensor(32.0154)
446,891,tensor(32.7476)
446,892,tensor(32.0483)
447,893,tensor(32.7524)
447,894,tensor(32.0299)
448,895,tensor(32.6472)
448,896,tensor(32.0005)
449,897,tensor(32.6288)
449,898,tensor(31.9453)
450,899,tensor(32.6712)
450,900,tensor(31.8854)
451,901,tensor(32.6058)
451,902,tensor(31.8636)
452,903,tensor(32.6131)
452,904,tensor(31.8811)
453,905,tensor(32.5845)
453,906,tensor(31.8506)
454,907,tensor(32.5394)
454,908,tensor(31.8165)
455,909,tensor(32.5142)
455,910,tensor(31.7841)
456,911,tensor(32.5310)
456,912,tensor(31.8172)
457,913,tensor(32.4582)
457,914,tensor(31.7806)
458,915,tensor(32.4278)
458,916,tensor(31.7075)
459,917,tensor(32.4145)
459,918,tensor(31.6645)
460,919,tensor(32.3712)
460,920,tensor(31.6146)
461,921,tensor(32.3615)
461,922,tensor(31.6807)
462,923,tensor(32.3271)
462,924,tensor(31.6587)
463,925,tensor(32.3307)
463,926,tensor(31.6259)
464,927,tensor(32.3079)
464,928,tensor(31.6271)
465,929,tensor(32.3020)
465,930,tensor(31.5430)
466,931,tensor(32.2716)
466,932,tensor(31.4994)
467,933,tensor(32.2047)
467,934,tensor(31.5508)
468,935,tensor(32.2420)
468,936,tensor(31.4669)
469,937,tensor(32.1556)
469,938,tensor(31.4742)
470,939,tensor(32.1439)
470,940,tensor(31.4343)
471,941,tensor(32.1500)
471,942,tensor(31.3920)
472,943,tensor(32.0808)
472,944,tensor(31.3730)
473,945,tensor(32.0848)
473,946,tensor(31.3581)
474,947,tensor(32.0927)
474,948,tensor(31.3366)
475,949,tensor(32.0456)
475,950,tensor(31.3107)
476,951,tensor(32.0087)
476,952,tensor(31.3133)
477,953,tensor(32.0105)
477,954,tensor(31.2656)
478,955,tensor(32.0316)
478,956,tensor(31.2287)
479,957,tensor(31.9483)
479,958,tensor(31.2198)
480,959,tensor(31.9387)
480,960,tensor(31.2044)
481,961,tensor(31.9189)
481,962,tensor(31.1584)
482,963,tensor(31.8741)
482,964,tensor(31.1358)
483,965,tensor(31.8941)
483,966,tensor(31.1274)
484,967,tensor(31.8417)
484,968,tensor(31.0976)
485,969,tensor(31.8226)
485,970,tensor(31.0691)
486,971,tensor(31.8288)
486,972,tensor(31.0500)
487,973,tensor(31.8180)
487,974,tensor(31.0158)
488,975,tensor(31.7602)
488,976,tensor(31.0770)
489,977,tensor(31.7177)
489,978,tensor(30.9909)
490,979,tensor(31.6909)
490,980,tensor(30.9510)
491,981,tensor(31.7084)
491,982,tensor(30.9385)
492,983,tensor(31.6753)
492,984,tensor(30.9093)
493,985,tensor(31.6661)
493,986,tensor(30.9081)
494,987,tensor(31.6191)
494,988,tensor(30.8598)
495,989,tensor(31.6446)
495,990,tensor(30.8527)
496,991,tensor(31.6003)
496,992,tensor(30.8253)
497,993,tensor(31.5570)
497,994,tensor(30.8069)
498,995,tensor(31.5104)
498,996,tensor(30.7881)
499,997,tensor(31.4959)
499,998,tensor(30.7811)
500,999,tensor(31.5319)
500,1000,tensor(30.7355)
501,1001,tensor(31.4827)
501,1002,tensor(30.7409)
502,1003,tensor(31.4311)
502,1004,tensor(30.6656)
503,1005,tensor(31.4520)
503,1006,tensor(30.6921)
504,1007,tensor(31.4128)
504,1008,tensor(30.6637)
505,1009,tensor(31.4242)
505,1010,tensor(30.6534)
506,1011,tensor(31.3954)
506,1012,tensor(30.5976)
507,1013,tensor(31.3745)
507,1014,tensor(30.6012)
508,1015,tensor(31.3301)
508,1016,tensor(30.5512)
509,1017,tensor(31.3324)
509,1018,tensor(30.5158)
510,1019,tensor(31.3343)
510,1020,tensor(30.5525)
511,1021,tensor(31.3113)
511,1022,tensor(30.5284)
512,1023,tensor(31.2329)
512,1024,tensor(30.5591)
513,1025,tensor(31.2366)
513,1026,tensor(30.4516)
514,1027,tensor(31.2298)
514,1028,tensor(30.4827)
515,1029,tensor(31.1821)
515,1030,tensor(30.4319)
516,1031,tensor(31.1576)
516,1032,tensor(30.4709)
517,1033,tensor(31.1719)
517,1034,tensor(30.3996)
518,1035,tensor(31.1321)
518,1036,tensor(30.3638)
519,1037,tensor(31.1260)
519,1038,tensor(30.3534)
520,1039,tensor(31.1383)
520,1040,tensor(30.3453)
521,1041,tensor(31.1523)
521,1042,tensor(30.2911)
522,1043,tensor(31.1384)
522,1044,tensor(30.2689)
523,1045,tensor(31.0432)
523,1046,tensor(30.2579)
524,1047,tensor(31.0326)
524,1048,tensor(30.2217)
525,1049,tensor(31.0644)
525,1050,tensor(30.2340)
526,1051,tensor(31.0123)
526,1052,tensor(30.2082)
527,1053,tensor(30.9645)
527,1054,tensor(30.2426)
528,1055,tensor(30.9787)
528,1056,tensor(30.1884)
529,1057,tensor(30.9634)
529,1058,tensor(30.1418)
530,1059,tensor(30.9020)
530,1060,tensor(30.1077)
531,1061,tensor(30.9240)
531,1062,tensor(30.1336)
532,1063,tensor(30.8661)
532,1064,tensor(30.0748)
533,1065,tensor(30.8937)
533,1066,tensor(30.0958)
534,1067,tensor(30.8409)
534,1068,tensor(30.0716)
535,1069,tensor(30.8470)
535,1070,tensor(30.0558)
536,1071,tensor(30.8381)
536,1072,tensor(30.0066)
537,1073,tensor(30.7944)
537,1074,tensor(29.9770)
538,1075,tensor(30.7599)
538,1076,tensor(29.9808)
539,1077,tensor(30.7580)
539,1078,tensor(29.9448)
540,1079,tensor(30.7576)
540,1080,tensor(29.9305)
541,1081,tensor(30.7161)
541,1082,tensor(29.8845)
542,1083,tensor(30.7063)
542,1084,tensor(29.8874)
543,1085,tensor(30.7716)
543,1086,tensor(29.8963)
544,1087,tensor(30.6841)
544,1088,tensor(29.8697)
545,1089,tensor(30.6726)
545,1090,tensor(29.8752)
546,1091,tensor(30.6492)
546,1092,tensor(29.8203)
547,1093,tensor(30.6373)
547,1094,tensor(29.8359)
548,1095,tensor(30.6413)
548,1096,tensor(29.7933)
549,1097,tensor(30.6248)
549,1098,tensor(29.7770)
550,1099,tensor(30.6052)
550,1100,tensor(29.7814)
